,net,gross,turnover,equity
2011-06-30,0.04011593309351254,0.04211593309351254,2.0000000000000004,1.0401159330935126
2011-07-31,0.02471488955557335,0.025198510728332124,0.4836211727587739,1.065822283504911
2011-08-31,-0.16185609027090575,-0.16153138326299257,0.3247070079131856,0.8933124557731972
2011-09-30,0.043857044648238884,0.044637174090143075,0.7801294419041913,0.9324905000308702
2011-10-31,0.03868126697880753,0.04172569583800813,3.044428859200601,0.9685604140177659
2011-11-30,-0.018634162834574815,-0.015953052467361888,2.6811103672129257,0.9505121015478356
2011-12-30,0.012570306057428593,0.01593658674790635,3.3662806904777574,0.9624603295755815
2012-01-31,-0.04750169709464335,-0.04650507818436402,0.9966189102793314,0.9167418305344716
2012-02-29,-0.017093592447987464,-0.016620326228344723,0.47326621964274285,0.9010714193032933
2012-03-30,-0.008421885544405452,-0.007267501961202795,1.1543835832026574,0.8934826989425859
2012-04-30,0.07439308264711136,0.0756052833821044,1.2122007349930304,0.9599516312087858
2012-05-31,-0.04077252143801683,-0.03945454119666679,1.3179802413500399,0.9208119827458664
2012-06-29,0.013720207826179536,0.014933440152942052,1.2132323267625162,0.9334457145179762
2012-07-31,-0.03983565216559579,-0.039313896837581935,0.521755328013855,0.8962612957189721
2012-08-31,-0.03862278422769967,-0.03744729421096752,1.1754900167321551,0.8616451890827797
2012-09-30,-0.03759128983649477,-0.03470904026231868,2.882249574176094,0.8292548350437475
2012-10-31,-0.004120634733878279,-0.002068071609121148,2.052563124757131,0.8258377787672297
2012-11-30,-0.014006320429224114,-0.013023622004529025,0.982698424695089,0.8142708302152573
2012-12-31,0.045068947196378245,0.04745303719930064,2.3840900029223993,0.8509691592657799
2013-01-31,0.03239274667500971,0.03484081498952545,2.448068314515744,0.8785343876701224
2013-02-28,-0.0003409773947549657,0.0004253176540643792,0.7662950488193448,0.878234827303412
2013-03-31,0.05434914355955897,0.055392676908040894,1.043533348481925,0.9259661380115295
2013-04-30,0.01583903230643932,0.016709318214866833,0.8702859084275105,0.9406325455861629
2013-05-31,-0.02481154804800855,-0.022950628809913366,1.860919238095187,0.9172939959858313
2013-06-30,0.036490113327601055,0.037384994555199384,0.8948812275983308,0.9507661578540823
2013-07-31,-0.02960830648962,-0.027065955474131428,2.542351015488574,0.9226155820523801
2013-08-30,0.017883782335141048,0.01820927472748915,0.3254923923481031,0.9391154383008143
2013-09-30,0.017389715877255685,0.019082383360833385,1.6926674835777007,0.9554463889488101
2013-10-31,0.04103308418078272,0.041711603876749756,0.678519695967035,0.9946513010567714
2013-11-29,0.028216736409945306,0.028880850159298824,0.6641137493535186,1.0227171146384995
2013-12-31,0.0036620594985353637,0.004541057561067501,0.8789980625321374,1.026462365562476
2014-01-31,-0.005129203520909061,-0.004647968341855003,0.4812351790540579,1.0211974311829524
2014-02-28,0.01154032633762096,0.012324491726581956,0.784165388960996,1.032982382793944
2014-03-31,0.0028948717785071496,0.0034160079161125794,0.5211361376054297,1.0359727343415892
2014-04-30,0.02640159071109411,0.027515431348796075,1.113840637701966,1.063324062461529
2014-05-30,-0.0011403845010863254,-0.0004818072908023491,0.6585772102839763,1.0621114641810656
2014-06-30,-0.024241893604305134,-0.022072288041964545,2.1696055623405894,1.0363638710704755
2014-07-31,0.0029179491895550804,0.0037445208045665057,0.8265716150114255,1.0393879281881497
2014-08-31,0.061518729629810566,0.06379214477967092,2.273415149860353,1.1033297531228454
2014-09-30,0.0009602940952114232,0.002375570114286337,1.4152760190749138,1.1043892741698402
2014-10-31,0.04934966591300576,0.050553833878960536,1.2041679659547764,1.1588905158880287
2014-11-30,0.0040520034012728485,0.005726768069831084,1.6747646685582356,1.1635863442001098
2014-12-31,0.0207968944727879,0.021920273333947565,1.1233788611596656,1.1877853266104164
2015-01-30,-0.025167191624680965,-0.024670227323245704,0.49696430143526,1.1578921056866278
2015-02-27,0.06439332666630129,0.06669642557797555,2.30309891167425,1.2324526302924383
2015-03-31,-0.05090353114295521,-0.050159474509092396,0.7440566338628186,1.1697164394441302
2015-04-30,0.011964950889249497,0.012490700337278565,0.5257494480290673,1.1837120391964269
2015-05-31,-0.0642654467772184,-0.06375044875566371,0.5149980215546847,1.1076402561418963
2015-06-30,0.08194583457456424,0.08268054957736966,0.7347150028054219,1.1984067613398282
2015-07-31,-0.039060949083855004,-0.03757201551236092,1.4889335714940852,1.1515958558533854
2015-08-31,0.031135538143561632,0.0328617269874132,1.726188843851569,1.1874514125492759
2015-09-30,0.014404485600856236,0.014822313830690737,0.41782822983450013,1.2045560393230583
2015-10-30,0.08276278865270238,0.08342298143182428,0.6601927791218924,1.304248456225889
2015-11-30,-0.000562904721712971,0.00017359333877165677,0.7364980604846277,1.3035142886115925
2015-12-31,0.029738492502481822,0.030738861442024368,1.0003689395425466,1.3422788385103461
2016-01-31,-0.011033856231645305,-0.009911316634963717,1.1225395966815885,1.327468326783443
2016-02-29,-0.03544041534298521,-0.034535628238535704,0.9047871044495053,1.28042229792758
2016-03-31,-0.05519702609941115,-0.05467471696660512,0.5223091328060276,1.2097467949306036
2016-04-29,-0.03004041952394541,-0.028842198821802723,1.1982207021426863,1.1734054936931397
2016-05-31,0.05456800556067156,0.05648227260679364,1.914267046122084,1.2374358911979098
2016-06-30,0.0581814057705366,0.05945513762804913,1.2737318575125367,1.309431650898721
2016-07-31,-0.026615466340505576,-0.025477851110698443,1.137615229807134,1.2745805168690334
2016-08-31,-0.010677057578605242,-0.009687924160690663,0.9891334179145791,1.2609717473018542
2016-09-30,-0.023420334493810275,-0.02257672248812762,0.8436120056826558,1.2314393671928003
2016-10-31,-0.04351665503545805,-0.04250002659189019,1.0166284435678543,1.1778512450535885
2016-11-30,-0.06287755712928439,-0.06214999316153473,0.727563967749658,1.1037908361029327
2016-12-30,0.011429269655425851,0.013416203038917104,1.9869333834912517,1.116406359211941
2017-01-31,0.020658427368790075,0.022694333070097637,2.0359057013075605,1.1394695588977761
2017-02-28,-0.013723274169336257,-0.012764792187872714,0.9584819814635428,1.1238323057334092
2017-03-31,-0.020601764573824975,-0.01942342848707157,1.1783360867534036,1.1006793771502306
2017-04-30,0.004525159945245551,0.006448831577946087,1.9236716327005356,1.1056601273802686
2017-05-31,-0.016883774964409397,-0.01590269073257143,0.9810842318379656,1.08699241060246
2017-06-30,0.011051569108714248,0.012851282558835369,1.799713450121121,1.099005382348881
2017-07-31,-0.014901079678909213,-0.0133703034137058,1.5307762652034127,1.0826290155789502
2017-08-31,0.01197590262560648,0.013749983586872799,1.7740809612663186,1.09559447524918
2017-09-29,0.04745173405575984,0.049523227296573255,2.071493240813418,1.147582332921664
2017-10-31,0.0056416979598656524,0.006455170553934629,0.8134725940689763,1.1540566458280859
2017-11-30,0.01487200329195038,0.016863559781296052,1.9915564893456716,1.1712197800639386
2017-12-29,0.03779862758201189,0.03892228823700673,1.123660654994842,1.2154902803472614
2018-01-31,-0.05205885027873901,-0.0497715793928771,2.287270885861903,1.1522132538274008
2018-02-28,-0.004266203696613386,-0.0021617584711398526,2.104445225473534,1.1472976773846355
2018-03-29,0.012011781576870642,0.01241238717329957,0.4006055964289274,1.1610787664890307
2018-04-30,-0.010352243439726794,-0.008468198382248604,1.8840450574781897,1.1490589964456386
2018-05-31,-0.0035837324020713086,-0.002211467745672614,1.3722646563986944,1.1449410764881849
2018-06-29,0.011469625200006578,0.012110332220219868,0.6407070202132896,1.1580731215115965
2018-07-31,0.044184453270462276,0.04593322191124348,1.7487686407812069,1.209241949232804
2018-08-31,0.0038656763742443727,0.005636539125067447,1.770862750823075,1.2139164872666983
2018-09-30,-0.05439671127919909,-0.053337479372997945,1.0592319062011426,1.1478834225917922
2018-10-31,-0.02866318791361084,-0.027444200384592526,1.2189875290183125,1.1149814243471248
2018-11-30,-0.014594298926210914,-0.012264841086876902,2.329457839334012,1.0987090521430305
2018-12-31,-0.0369675747257386,-0.035229814751674346,1.7377599740642535,1.0580924431560876
2019-01-31,-0.02804871453595966,-0.02699263568916718,1.0560788467924827,1.0284143102653465
2019-02-28,0.009512593103035708,0.010809620453629109,1.297027350593401,1.03819719714024
2019-03-31,0.00508151007557195,0.006699802063872398,1.6182919883004487,1.0434728066579386
2019-04-30,-0.004236910377336546,-0.002731139904653724,1.5057704726828214,1.0390517058949411
2019-05-31,-0.004500904373001592,-0.0036171498407978554,0.8837545322037366,1.034375033528104
2019-06-30,-0.008629630241853549,-0.006864190582819021,1.765439659034527,1.0254487594573514
2019-07-31,0.04222763992311138,0.043344739124786764,1.117099201675381,1.0687510404313176
2019-08-30,-0.03494084548951963,-0.03377953815976756,1.1613073297520702,1.0314079754608436
2019-09-30,-0.021664240815108125,-0.020712224150108757,0.9520166649993664,1.0090633047018367
2019-10-31,0.009678017731894938,0.011527955264318199,1.8499375324232616,1.0188290372573456
2019-11-29,-0.018794359860635365,-0.018005491783534274,0.7888680771010903,0.9996807976946664
2019-12-31,0.021557395650325793,0.02319550158941738,1.6381059390915853,1.0212313121746037
2020-01-31,-0.03559701631084537,-0.03492435371858472,0.6726625922606524,0.9848785244979784
2020-02-28,0.04273615731052768,0.04466081909177523,1.924661781247551,1.0269684480526844
2020-03-31,0.014418086336617807,0.01624169577070526,1.8236094340874531,1.0417753678016906
2020-04-30,-0.09184917114307889,-0.09052738515042115,1.3217859926577433,0.9460891637518292
2020-05-31,-0.013291200953022681,-0.011815623174949738,1.4755777780729442,0.9335145025569264
2020-06-30,-0.010197655214981024,-0.009463127922490286,0.7345272924907391,0.9239948435216663
2020-07-31,-0.051103975381568266,-0.0501043429542034,0.999632427364867,0.876775033785639
2020-08-31,-0.024812026514405606,-0.02216174855419395,2.6502779602116573,0.8550204684001809
2020-09-30,-0.00880344258691175,-0.007446217412500844,1.357225174410906,0.8474933447959855
2020-10-30,-0.08994180686831672,-0.08827084197109963,1.6709648972170932,0.7712682620561612
2020-11-30,-0.010821848929912121,-0.010240452209362864,0.5813967205492571,0.7629217134397536
2020-12-31,-0.01626574661434955,-0.014816004260117544,1.4497423542320067,0.7505122221623571
2021-01-31,0.029774017394242226,0.03259716565414813,2.823148259905902,0.7728579861196105
2021-02-28,0.010432840580517695,0.011120237592791005,0.6873970122733097,0.7809210902801763
2021-03-31,0.07178915485764381,0.07268262894622282,0.8934740885790045,0.8369827553619
2021-04-30,0.031605906088761494,0.03217774973701928,0.5718436482577808,0.8634363537257811
2021-05-31,-0.004495117621708085,-0.003914084836828493,0.5810327848795923,0.859555105756925
2021-06-30,-0.008169623633571625,-0.007607581564696346,0.5620420688752791,0.852532864050576
2021-07-30,-0.007847071292540489,-0.00731176294193011,0.5353083506103784,0.8458429778871375
2021-08-31,0.01157211949470345,0.013406112322478033,1.8339928277745825,0.8556311739010032
2021-09-30,0.035617029683237184,0.037487784120684715,1.8707544374475342,0.8861062148197383
2021-10-31,-0.07664143745867918,-0.07477699885408907,1.8644386045901158,0.8181937607748844
2021-11-30,0.02774870094351594,0.028850455659750175,1.1017547162342365,0.8408975747564773
2021-12-31,0.052986886962942306,0.053971956875044795,0.9850699121024884,0.8854541194975112
2022-01-31,0.01844845292291288,0.019302432023143603,0.8539791002307254,0.9017893781364604
2022-02-28,0.08128407755923601,0.08223823175764629,0.9541541984102702,0.9750904958909997
2022-03-31,0.09077341299011285,0.09262189834602338,1.8484853559105372,1.0636027881772474
2022-04-29,0.004136537098691967,0.005276113992656079,1.139576893964111,1.0680024205688148
2022-05-31,-0.02375447939955939,-0.022236961096675313,1.5175183028840786,1.0426325790707334
2022-06-30,-0.026414976758997587,-0.025543782770460238,0.8711939885373474,1.0150914637264061
2022-07-31,0.031764273206970624,0.032426063151246805,0.6617899442761818,1.0473351063102756
2022-08-31,-0.015107110739380135,-0.014490274987514717,0.6168357518654181,1.0315128988780058
2022-09-30,0.05017112048151079,0.05120958981542098,1.0384693339101925,1.0832650568058466
2022-10-31,-0.08259414967606787,-0.08198434610109437,0.6098035749735004,0.9937937005651704
2022-11-30,0.016856126399364575,0.017549179397218846,0.6930529978542694,1.010545212796789
2022-12-30,-0.04279618268086488,-0.04232302042979648,0.4731622510684048,0.9672977352626642
2023-01-31,-0.008541847838281769,-0.007726907973038779,0.8149398652429892,0.959035225193736
2023-02-28,0.003941426958159612,0.0057406019091794476,1.799174951019836,0.9628151924841393
2023-03-31,0.011258021209735028,0.012831141096817116,1.5731198870820877,0.9736545863421808
2023-04-30,0.03338379697251824,0.03540399422061741,2.0201972480991706,1.0061588733739892
2023-05-31,-0.031082175226434514,-0.03019754409259494,0.8846311338395768,0.974885266966147
2023-06-30,-0.02208864116915889,-0.020535273467755626,1.553367701403265,0.9533513761230321
2023-07-31,-0.0042997147478924524,-0.00217067758039168,2.129037167500773,0.9492522371511923
2023-08-31,-0.009096929664726451,-0.008083192957337889,1.0137367073885626,0.9406169563157437
2023-09-29,-0.01740676856707248,-0.015957799292805615,1.4489692742668634,0.9242438546468914
2023-10-31,-0.0036783833670306363,-0.0014386579408048278,2.239725426225809,0.920844131424878
2023-11-30,-0.02448682894654397,-0.023426046417667375,1.0607825288765942,0.8982955786922482
2023-12-29,0.029238834943972083,0.03055078979897703,1.3119548550049445,0.9245606948485307
2024-01-31,0.04685201913771552,0.04827701653591629,1.4249973982007715,0.9678782302175536
