date,open,high,low,close,volume,open_interest,settle
2025-01-03,3909.000,3930.000,3906.000,3906.000,3,2,3915.000
2025-01-07,3924.000,3924.000,3900.000,3900.000,2,4,3912.000
2025-01-08,3880.000,3929.000,3880.000,3929.000,2,5,3904.000
2025-01-09,3892.000,3893.000,3832.000,3832.000,28,31,3890.000
2025-01-10,3874.000,3874.000,3874.000,3874.000,1,31,3874.000
2025-01-13,4000.000,4025.000,4000.000,4025.000,3,30,4008.000
2025-01-15,4025.000,4025.000,4025.000,4025.000,1,30,4025.000
2025-01-16,4070.000,4070.000,4069.000,4069.000,2,31,4069.000
2025-01-20,3990.000,3990.000,3985.000,3985.000,2,30,3987.000
2025-01-21,3967.000,3967.000,3951.000,3951.000,2,30,3959.000
2025-01-22,3896.000,3896.000,3896.000,3896.000,1,29,3896.000
2025-02-05,3820.000,3820.000,3820.000,3820.000,1,30,3820.000
2025-02-06,3811.000,3825.000,3766.000,3806.000,33,52,3788.000
2025-02-07,3787.000,3821.000,3787.000,3821.000,4,51,3806.000
2025-02-10,3818.000,3868.000,3811.000,3862.000,9,55,3838.000
2025-02-11,3875.000,3903.000,3862.000,3862.000,20,48,3878.000
2025-02-12,3914.000,3914.000,3898.000,3909.000,4,45,3908.000
2025-02-13,3882.000,3882.000,3782.000,3793.000,19,46,3827.000
2025-02-14,3820.000,3836.000,3820.000,3836.000,6,47,3828.000
2025-02-17,3806.000,3806.000,3806.000,3806.000,2,47,3806.000
2025-02-18,3796.000,3838.000,3796.000,3830.000,4,47,3815.000
2025-02-19,3834.000,3848.000,3834.000,3848.000,5,43,3841.000
2025-02-21,3841.000,3860.000,3841.000,3860.000,2,43,3850.000
2025-02-24,3827.000,3827.000,3758.000,3767.000,20,54,3773.000
2025-02-25,3772.000,3773.000,3772.000,3773.000,3,55,3772.000
2025-02-26,3767.000,3767.000,3676.000,3684.000,18,65,3706.000
2025-02-27,3755.000,3755.000,3657.000,3657.000,27,79,3668.000
2025-02-28,3683.000,3704.000,3683.000,3699.000,7,79,3694.000
2025-03-03,3684.000,3740.000,3651.000,3700.000,25,68,3687.000
2025-03-04,3686.000,3686.000,3580.000,3595.000,23,83,3621.000
2025-03-05,3541.000,3556.000,3530.000,3538.000,22,98,3542.000
2025-03-06,3540.000,3540.000,3489.000,3513.000,24,118,3508.000
2025-03-07,3504.000,3504.000,3467.000,3482.000,80,154,3485.000
2025-03-10,3495.000,3508.000,3465.000,3500.000,36,157,3490.000
2025-03-11,3503.000,3503.000,3423.000,3457.000,32,174,3451.000
2025-03-12,3488.000,3492.000,3470.000,3470.000,14,174,3479.000
2025-03-13,3504.000,3510.000,3504.000,3505.000,5,173,3506.000
2025-03-14,3466.000,3494.000,3466.000,3476.000,37,200,3481.000
2025-03-17,3465.000,3569.000,3451.000,3486.000,37,206,3479.000
2025-03-18,3488.000,3496.000,3478.000,3495.000,26,214,3490.000
2025-03-19,3505.000,3505.000,3435.000,3439.000,26,230,3462.000
2025-03-20,3450.000,3485.000,3436.000,3474.000,46,232,3454.000
2025-03-21,3458.000,3530.000,3453.000,3521.000,28,220,3493.000
2025-03-24,3519.000,3519.000,3500.000,3505.000,5,218,3511.000
2025-03-25,3524.000,3543.000,3524.000,3533.000,24,210,3534.000
2025-03-26,3549.000,3578.000,3530.000,3540.000,39,200,3553.000
2025-03-27,3568.000,3594.000,3557.000,3557.000,99,237,3575.000
2025-03-28,3566.000,3610.000,3564.000,3578.000,19,227,3575.000
2025-03-31,3560.000,3565.000,3550.000,3560.000,10,224,3557.000
2025-04-01,3579.000,3671.000,3566.000,3660.000,34,218,3640.000
2025-04-02,3664.000,3694.000,3664.000,3680.000,59,192,3684.000
2025-04-03,3658.000,3669.000,3623.000,3623.000,79,238,3634.000
2025-04-07,3379.000,3399.000,3379.000,3385.000,41,260,3380.000
2025-04-08,3333.000,3436.000,3302.000,3321.000,108,281,3325.000
2025-04-09,3335.000,3338.000,3109.000,3240.000,49,290,3224.000
2025-04-10,3206.000,3366.000,3195.000,3338.000,42,291,3302.000
2025-04-11,3271.000,3290.000,3238.000,3289.000,23,297,3264.000
2025-04-14,3265.000,3403.000,3243.000,3308.000,48,297,3286.000
2025-04-15,3320.000,3323.000,3307.000,3319.000,63,348,3311.000
2025-04-16,3310.000,3317.000,3261.000,3262.000,19,361,3281.000
2025-04-17,3308.000,3350.000,3298.000,3350.000,28,352,3324.000
2025-04-18,3355.000,3378.000,3350.000,3353.000,20,358,3362.000
2025-04-21,3335.000,3347.000,3335.000,3342.000,12,367,3342.000
2025-04-22,3342.000,3365.000,3312.000,3352.000,82,440,3336.000
2025-04-23,3373.000,3409.000,3373.000,3409.000,21,444,3396.000
2025-04-24,3351.000,3357.000,3312.000,3335.000,34,449,3333.000
2025-04-25,3374.000,3374.000,3345.000,3374.000,5,449,3368.000
2025-04-28,3375.000,3396.000,3368.000,3395.000,13,445,3383.000
2025-04-29,3374.000,3382.000,3300.000,3321.000,21,444,3336.000
2025-04-30,3311.000,3318.000,3237.000,3251.000,45,464,3258.000
2025-05-06,3197.000,3239.000,3197.000,3218.000,43,465,3222.000
2025-05-07,3238.000,3301.000,3238.000,3289.000,97,545,3281.000
2025-05-08,3262.000,3317.000,3237.000,3237.000,66,575,3255.000
2025-05-09,3274.000,3333.000,3236.000,3318.000,51,579,3301.000
2025-05-12,3314.000,3355.000,3301.000,3355.000,18,577,3320.000
2025-05-13,3421.000,3423.000,3363.000,3375.000,15,578,3397.000
2025-05-14,3424.000,3473.000,3424.000,3451.000,39,561,3452.000
2025-05-15,3452.000,3452.000,3377.000,3377.000,63,565,3417.000
2025-05-16,3384.000,3408.000,3367.000,3367.000,40,570,3386.000
2025-05-19,3377.000,3387.000,3366.000,3378.000,29,574,3379.000
2025-05-20,3391.000,3395.000,3387.000,3390.000,13,567,3391.000
2025-05-21,3367.000,3408.000,3367.000,3393.000,7,571,3392.000
2025-05-22,3356.000,3393.000,3345.000,3350.000,56,522,3368.000
2025-05-23,3347.000,3359.000,3338.000,3358.000,66,580,3348.000
2025-05-26,3367.000,3367.000,3360.000,3360.000,20,593,3362.000
2025-05-27,3350.000,3350.000,3320.000,3344.000,12,590,3335.000
2025-05-28,3322.000,3332.000,3315.000,3317.000,31,573,3329.000
2025-05-29,3258.000,3426.000,3258.000,3388.000,47,554,3382.000
2025-05-30,3331.000,3331.000,3251.000,3268.000,50,562,3279.000
2025-06-03,3355.000,3355.000,3333.000,3333.000,5,561,3346.000
2025-06-04,3387.000,3387.000,3367.000,3381.000,20,562,3372.000
2025-06-05,3382.000,3392.000,3353.000,3356.000,13,558,3365.000
2025-06-06,3394.000,3394.000,3370.000,3378.000,40,534,3376.000
2025-06-09,3409.000,3440.000,3401.000,3404.000,41,541,3407.000
2025-06-10,3417.000,3443.000,3407.000,3431.000,24,539,3429.000
2025-06-11,3444.000,3447.000,3406.000,3414.000,24,532,3419.000
2025-06-12,3460.000,3528.000,3455.000,3496.000,47,525,3482.000
2025-06-13,3481.000,3789.000,3470.000,3671.000,396,530,3685.000
2025-06-16,3716.000,3716.000,3675.000,3695.000,54,543,3693.000
2025-06-17,3649.000,3693.000,3578.000,3643.000,93,549,3638.000
2025-06-18,3650.000,3778.000,3650.000,3733.000,73,553,3726.000
2025-06-19,3775.000,3788.000,3643.000,3787.000,72,538,3750.000
2025-06-20,3783.000,3825.000,3751.000,3766.000,71,548,3788.000
2025-06-23,3744.000,3834.000,3718.000,3815.000,83,546,3782.000
2025-06-24,3789.000,3793.000,3482.000,3500.000,225,615,3549.000
2025-06-25,3504.000,3508.000,3460.000,3508.000,116,631,3480.000
2025-06-26,3492.000,3521.000,3486.000,3499.000,40,638,3497.000
2025-06-27,3486.000,3528.000,3485.000,3528.000,136,623,3509.000
2025-06-30,3529.000,3537.000,3496.000,3507.000,131,708,3518.000
2025-07-01,3514.000,3516.000,3483.000,3502.000,134,618,3499.000
2025-07-02,3500.000,3506.000,3488.000,3495.000,33,626,3497.000
2025-07-03,3516.000,3539.000,3490.000,3522.000,68,613,3526.000
2025-07-04,3540.000,3541.000,3505.000,3507.000,63,586,3527.000
2025-07-07,3501.000,3505.000,3472.000,3495.000,38,581,3488.000
2025-07-08,3524.000,3537.000,3517.000,3526.000,55,561,3527.000
2025-07-09,3550.000,3575.000,3542.000,3568.000,173,658,3561.000
2025-07-10,3550.000,3575.000,3544.000,3567.000,50,652,3558.000
2025-07-11,3545.000,3552.000,3514.000,3520.000,153,656,3534.000
2025-07-14,3540.000,3596.000,3536.000,3583.000,146,649,3572.000
2025-07-15,3582.000,3591.000,3508.000,3529.000,253,716,3542.000
2025-07-16,3539.000,3553.000,3526.000,3546.000,182,746,3542.000
2025-07-17,3513.000,3540.000,3499.000,3508.000,597,956,3518.000
2025-07-18,3514.000,3572.000,3507.000,3570.000,225,965,3541.000
2025-07-21,3568.000,3580.000,3533.000,3550.000,341,1025,3550.000
2025-07-22,3540.000,3544.000,3504.000,3525.000,618,1295,3521.000
2025-07-23,3520.000,3534.000,3501.000,3515.000,501,1544,3514.000
2025-07-24,3501.000,3553.000,3492.000,3546.000,536,1508,3511.000
2025-07-25,3539.000,3554.000,3520.000,3549.000,502,1567,3540.000
2025-07-28,3550.000,3557.000,3485.000,3487.000,1082,2040,3498.000
2025-07-29,3505.000,3564.000,3505.000,3556.000,1742,2310,3546.000
2025-07-30,3570.000,3652.000,3564.000,3652.000,998,2575,3616.000
2025-07-31,3643.000,3681.000,3623.000,3628.000,1913,3037,3642.000
2025-08-01,3620.000,3628.000,3600.000,3607.000,605,3136,3612.000
2025-08-04,3600.000,3616.000,3513.000,3523.000,2900,3869,3529.000
2025-08-05,3498.000,3512.000,3471.000,3508.000,2023,4425,3495.000
2025-08-06,3503.000,3503.000,3469.000,3496.000,3158,5915,3488.000
2025-08-07,3503.000,3517.000,3451.000,3463.000,3546,6876,3481.000
2025-08-08,3463.000,3473.000,3415.000,3418.000,2507,7799,3441.000
2025-08-11,3443.000,3461.000,3416.000,3418.000,2709,8281,3432.000
2025-08-12,3432.000,3459.000,3431.000,3457.000,1653,8209,3445.000
2025-08-13,3445.000,3445.000,3420.000,3430.000,2142,8703,3427.000
2025-08-14,3432.000,3441.000,3408.000,3417.000,2263,9110,3425.000
2025-08-15,3421.000,3439.000,3412.000,3420.000,1772,9017,3427.000
2025-08-18,3412.000,3441.000,3401.000,3426.000,2726,9406,3422.000
2025-08-19,3443.000,3443.000,3390.000,3417.000,2231,9650,3412.000
2025-08-20,3407.000,3417.000,3391.000,3411.000,1978,9917,3404.000
2025-08-21,3411.000,3445.000,3406.000,3443.000,4177,11219,3423.000
2025-08-22,3439.000,3467.000,3406.000,3462.000,2911,11284,3433.000
2025-08-25,3461.000,3499.000,3461.000,3491.000,3478,11648,3488.000
2025-08-26,3499.000,3509.000,3485.000,3488.000,4456,11711,3498.000
2025-08-27,3470.000,3484.000,3429.000,3444.000,5402,12197,3449.000
2025-08-28,3455.000,3486.000,3455.000,3461.000,3236,12497,3466.000
2025-08-29,3471.000,3484.000,3431.000,3479.000,1982,12614,3454.000
2025-09-01,3499.000,3499.000,3415.000,3451.000,2948,13101,3443.000
2025-09-02,3489.000,3524.000,3480.000,3509.000,7082,13859,3508.000
2025-09-03,3500.000,3527.000,3474.000,3492.000,11394,14320,3501.000
2025-09-04,3467.000,3468.000,3390.000,3395.000,11752,14705,3423.000
2025-09-05,3396.000,3396.000,3361.000,3375.000,9511,15442,3375.000
2025-09-08,3356.000,3387.000,3320.000,3385.000,8195,15498,3345.000
2025-09-09,3376.000,3389.000,3337.000,3367.000,8210,15930,3358.000
2025-09-10,3378.000,3394.000,3366.000,3370.000,8676,17029,3378.000
2025-09-11,3361.000,3376.000,3344.000,3364.000,9306,18306,3358.000
2025-09-12,3332.000,3332.000,3247.000,3259.000,11728,21015,3285.000
2025-09-15,3311.000,3363.000,3311.000,3349.000,15936,20246,3343.000
2025-09-16,3352.000,3387.000,3351.000,3368.000,11083,21292,3369.000
2025-09-17,3391.000,3440.000,3391.000,3432.000,16570,22081,3421.000
2025-09-18,3420.000,3427.000,3380.000,3385.000,11912,23027,3403.000
2025-09-19,3402.000,3415.000,3356.000,3362.000,9058,23594,3382.000
2025-09-22,3360.000,3365.000,3328.000,3351.000,18537,26409,3342.000
2025-09-23,3320.000,3335.000,3299.000,3325.000,15651,27172,3318.000
2025-09-24,3354.000,3392.000,3351.000,3367.000,18007,27969,3377.000
2025-09-25,3393.000,3433.000,3387.000,3431.000,16355,28376,3418.000
2025-09-26,3430.000,3484.000,3423.000,3464.000,22061,33031,3459.000
2025-09-29,3480.000,3528.000,3459.000,3469.000,27275,38281,3481.000
2025-09-30,3443.000,3443.000,3369.000,3398.000,26606,39318,3398.000
2025-10-09,3346.000,3346.000,3314.000,3340.000,24349,42169,3326.000
2025-10-10,3330.000,3353.000,3283.000,3286.000,26498,48621,3313.000
2025-10-13,3256.000,3257.000,3221.000,3226.000,42631,54714,3232.000
2025-10-14,3206.000,3230.000,3193.000,3196.000,38901,57857,3210.000
2025-10-15,3157.000,3182.000,3149.000,3159.000,55420,64588,3161.000
2025-10-16,3179.000,3187.000,3148.000,3158.000,44494,70130,3163.000
2025-10-17,3156.000,3156.000,3061.000,3064.000,69959,78615,3101.000
2025-10-20,3088.000,3106.000,3076.000,3081.000,56130,81506,3090.000
2025-10-21,3076.000,3083.000,3042.000,3070.000,62829,88825,3068.000
2025-10-22,3100.000,3147.000,3056.000,3136.000,88911,93760,3102.000
2025-10-23,3134.000,3216.000,3122.000,3193.000,126144,103808,3173.000
2025-10-24,3213.000,3234.000,3200.000,3224.000,115953,105143,3218.000
2025-10-27,3234.000,3274.000,3233.000,3257.000,116900,102757,3250.000
2025-10-28,3263.000,3282.000,3238.000,3273.000,114082,94133,3264.000
2025-10-29,3238.000,3250.000,3220.000,3246.000,149780,89364,3235.000
2025-10-30,3245.000,3274.000,3223.000,3255.000,122726,83157,3246.000
2025-10-31,3258.000,3295.000,3250.000,3268.000,136295,80402,3272.000
2025-11-03,3289.000,3341.000,3289.000,3335.000,136941,83345,3322.000
2025-11-04,3320.000,3332.000,3287.000,3290.000,90023,76282,3315.000
2025-11-05,3272.000,3306.000,3251.000,3297.000,87167,74847,3277.000
2025-11-06,3291.000,3309.000,3256.000,3269.000,86047,76765,3279.000
2025-11-07,3278.000,3287.000,3225.000,3274.000,96944,76688,3257.000
2025-11-10,3267.000,3291.000,3244.000,3280.000,79925,71293,3268.000
2025-11-11,3257.000,3286.000,3243.000,3262.000,82050,68628,3264.000
2025-11-12,3280.000,3329.000,3277.000,3311.000,95759,75780,3310.000
2025-11-13,3287.000,3290.000,3150.000,3164.000,143324,67732,3213.000
2025-11-14,3188.000,3273.000,3177.000,3240.000,124994,69620,3222.000
2025-11-17,3241.000,3255.000,3220.000,3236.000,77412,68431,3237.000
2025-11-18,3266.000,3303.000,3244.000,3247.000,92302,68805,3273.000
2025-11-19,3255.000,3292.000,3221.000,3266.000,75741,67715,3253.000
2025-11-20,3196.000,3196.000,3131.000,3139.000,133110,62247,3155.000
2025-11-21,3160.000,3170.000,3073.000,3078.000,82969,61302,3117.000
2025-11-24,3078.000,3084.000,3033.000,3041.000,96259,55106,3055.000
2025-11-25,3034.000,3065.000,3007.000,3015.000,82460,55368,3029.000
2025-11-26,2975.000,3025.000,2963.000,3023.000,89297,42211,2992.000
2025-11-27,3012.000,3033.000,2998.000,3023.000,48776,28976,3014.000
2025-11-28,3046.000,3046.000,3002.000,3027.000,28191,23994,3018.000
2025-12-01,3003.000,3055.000,2961.000,3049.000,26427,20753,3008.000
2025-12-02,3031.000,3043.000,3014.000,3030.000,11001,18811,3029.000
2025-12-03,3019.000,3033.000,2963.000,3010.000,7651,17029,3001.000
2025-12-04,3025.000,3036.000,2979.000,3009.000,8218,14891,3001.000
2025-12-05,3009.000,3026.000,2981.000,3018.000,4708,13620,3011.000
2025-12-08,3034.000,3075.000,3018.000,3071.000,6469,11785,3048.000
2025-12-09,3033.000,3033.000,2969.000,2989.000,5063,11322,2995.000
2025-12-10,3012.000,3012.000,2965.000,2990.000,2581,10281,2982.000
2025-12-11,3012.000,3019.000,2939.000,2971.000,3179,9424,2983.000
2025-12-12,2954.000,2999.000,2938.000,2969.000,1304,8672,2956.000
2025-12-15,2956.000,2991.000,2938.000,2988.000,490,8538,2966.000
2025-12-16,2968.000,2968.000,2877.000,2900.000,589,8329,2911.000
2025-12-17,2885.000,2892.000,2820.000,2864.000,1915,7581,2855.000
2025-12-18,2865.000,2910.000,2843.000,2901.000,1184,7207,2885.000
2025-12-19,2885.000,2902.000,2858.000,2886.000,741,7114,2882.000
2025-12-22,2888.000,2980.000,2888.000,2969.000,949,6786,2939.000
2025-12-23,2981.000,2990.000,2943.000,2976.000,238,6626,2975.000
2025-12-24,2978.000,3034.000,2917.000,3000.000,1578,5691,2979.000
2025-12-25,3000.000,3078.000,2917.000,3070.000,63,5644,3025.000
2025-12-26,3070.000,3211.000,2814.000,3211.000,116,5539,3065.000
2025-12-29,3101.000,3218.000,2851.000,2851.000,27,5519,3086.000
2025-12-30,2869.000,2950.000,2869.000,2950.000,2,5518,2909.000
2025-12-31,2705.000,2705.000,2705.000,2705.000,1,5518,2705.000
