signal_date,entry,exit,symbol,gross,net,hold_days
2023-12-29,2024-01-02,2024-01-30,sh.601718,-0.014084494035883521,-0.017104494035883523,20
2023-08-31,2023-09-01,2023-10-09,sz.002266,-0.017676750648606854,-0.020696750648606856,20
2013-09-23,2013-09-24,2013-10-29,sz.002676,-0.05100177498079628,-0.05452177498079628,20
2015-04-17,2015-04-20,2015-05-19,sh.600377,-0.09101005856470434,-0.09453005856470434,20
2019-07-22,2019-07-23,2019-08-20,sh.600558,-0.05654756688510587,-0.06006756688510587,20
2016-01-08,2016-01-11,2016-02-15,sz.000528,-0.17092866894594405,-0.17444866894594405,20
2012-11-21,2012-11-22,2012-12-20,sz.300145,0.07791446675358316,0.07439446675358316,20
2020-07-17,2020-07-20,2020-08-17,sh.603901,0.3513158666625258,0.34779586666252577,20
2017-12-26,2017-12-27,2018-01-25,sh.600730,0.03308267474235205,0.02956267474235205,20
2010-06-02,2010-06-03,2010-07-06,sz.000651,-0.14042550198215464,-0.14394550198215464,20
2023-12-29,2024-01-02,2024-01-30,sh.600508,0.10014411612839846,0.09712411612839847,20
2018-02-28,2018-03-01,2018-03-29,sh.601218,0.0031347931924397,-0.0003852068075602998,20
2012-04-27,2012-05-02,2012-05-30,sz.002535,-0.047655639865608945,-0.05117563986560895,20
2012-03-27,2012-03-28,2012-05-02,sz.000709,0.00653594160147164,0.00301594160147164,20
2017-10-31,2017-11-01,2017-11-29,sz.002569,0.011645124759501524,0.008125124759501525,20
2014-04-23,2014-04-24,2014-05-26,sh.600694,-0.0099155513148238,-0.0134355513148238,20
2020-05-20,2020-05-21,2020-06-18,sz.000419,0.0733495605636798,0.06982956056367981,20
2016-04-11,2016-04-12,2016-05-11,sh.600221,0.006289302046118772,0.0027693020461187724,20
2011-12-23,2011-12-26,2012-02-01,sz.002281,-0.22894736108283864,-0.23246736108283864,20
2023-08-03,2023-08-04,2023-09-01,sz.003816,0.0031948850152176966,0.00017488501521769652,20
2020-03-19,2020-03-20,2020-04-20,sh.601898,-0.03186271530717433,-0.03538271530717433,20
2021-12-09,2021-12-10,2022-01-10,sz.002792,-0.01929057074233964,-0.02281057074233964,20
2020-07-17,2020-07-20,2020-08-17,sh.601611,0.2721804386199085,0.26866043861990846,20
2017-04-06,2017-04-07,2017-05-08,sz.002506,-0.10615711166675745,-0.10967711166675745,20
2023-07-06,2023-07-07,2023-08-04,sh.600361,0.10953346463604308,0.10601346463604308,20
2019-04-23,2019-04-24,2019-05-27,sh.601998,-0.08934171809357816,-0.09286171809357815,20
2022-06-13,2022-06-14,2022-07-12,sh.600611,0.02589002082420455,0.022370020824204553,20
2022-01-07,2022-01-10,2022-02-14,sh.600565,-0.01976282722596967,-0.02328282722596967,20
2021-07-13,2021-07-14,2021-08-11,sz.002672,-0.09677419354838712,-0.10029419354838712,20
2016-05-10,2016-05-11,2016-06-08,sh.601186,-0.004016060411629163,-0.007536060411629163,20
2013-12-23,2013-12-24,2014-01-22,sz.000338,-0.046883380215968384,-0.05040338021596839,20
2012-11-21,2012-11-22,2012-12-20,sh.601607,0.0065789184742035545,0.0030589184742035548,20
2018-02-28,2018-03-01,2018-03-29,sz.000883,-0.04415017148768663,-0.04767017148768663,20
2021-11-11,2021-11-12,2021-12-10,sz.002940,-0.045630743662346096,-0.0491507436623461,20
2010-12-02,2010-12-03,2010-12-31,sh.601766,0.08100150129967965,0.07748150129967965,20
2021-05-17,2021-05-18,2021-06-16,sh.600996,-0.013274323679807187,-0.016794323679807186,20
2014-02-25,2014-02-26,2014-03-26,sh.601139,0.041379336653084575,0.03785933665308457,20
2022-07-11,2022-07-12,2022-08-09,sh.600150,0.2509547408955839,0.2474347408955839,20
2020-06-17,2020-06-18,2020-07-20,sz.002132,0.023076993614966845,0.019556993614966846,20
2018-05-29,2018-05-30,2018-06-28,sh.600739,-0.12694615223839345,-0.13046615223839345,20
2014-06-23,2014-06-24,2014-07-22,sz.000883,-0.027777794947839718,-0.03129779494783972,20
2014-10-21,2014-10-22,2014-11-19,sz.000528,0.1471861480797534,0.1436661480797534,20
2020-11-16,2020-11-17,2020-12-15,sh.600558,0.03514373516739422,0.03162373516739422,20
2023-09-28,2023-10-09,2023-11-06,sh.600893,-0.05133028471933321,-0.05435028471933321,20
2021-08-10,2021-08-11,2021-09-08,sz.002440,0.1032608509739763,0.09974085097397631,20
2019-12-17,2019-12-18,2020-01-16,sh.600077,0.057553988301194625,0.05403398830119462,20
2023-12-01,2023-12-04,2024-01-02,sh.600095,-0.051767657002847245,-0.05478765700284725,20
2013-06-27,2013-06-28,2013-07-26,sh.600215,-0.015151500555948827,-0.018671500555948826,20
2021-03-16,2021-03-17,2021-04-15,sz.000883,0.4126581914798133,0.4091381914798133,20
2020-04-17,2020-04-20,2020-05-21,sh.603868,-0.025275575730564825,-0.028795575730564824,20
2017-01-03,2017-01-04,2017-02-08,sz.002294,-0.02178282892783101,-0.02530282892783101,20
2014-01-21,2014-01-22,2014-02-26,sz.002016,-0.030448651819301897,-0.0339686518193019,20
2012-03-27,2012-03-28,2012-05-02,sz.000655,-0.10522918905913281,-0.1087491890591328,20
2013-10-28,2013-10-29,2013-11-26,sh.600246,-0.006249993946403354,-0.009769993946403353,20
2022-07-11,2022-07-12,2022-08-09,sz.002867,-0.057406058515321656,-0.06092605851532166,20
2011-12-23,2011-12-26,2012-02-01,sz.002372,-0.09293904587904489,-0.09645904587904489,20
2023-04-06,2023-04-07,2023-05-10,sz.000952,-0.07640752932260875,-0.07992752932260874,20
2020-10-19,2020-10-20,2020-11-17,sh.600558,-0.006349200101906871,-0.00986920010190687,20
2016-10-10,2016-10-11,2016-11-08,sz.000063,0.040397327236217695,0.03687732723621769,20
2015-12-10,2015-12-11,2016-01-11,sz.000418,0.14596847218103726,0.14244847218103726,20
2017-08-29,2017-08-30,2017-09-27,sh.601218,-0.018181800448205276,-0.021701800448205275,20
2012-03-27,2012-03-28,2012-05-02,sz.002236,0.03857258559286092,0.03505258559286092,20
2019-09-17,2019-09-18,2019-10-23,sh.600683,-0.040865347142048924,-0.04438534714204893,20
2017-06-06,2017-06-07,2017-07-05,sh.600580,0.01176469433266436,0.008244694332664362,20
2022-08-08,2022-08-09,2022-09-06,sz.002042,0.05698007071997724,0.053460070719977236,20
2022-09-05,2022-09-06,2022-10-12,sh.600073,-0.023076961637717996,-0.026596961637717995,20
2020-12-14,2020-12-15,2021-01-13,sz.002599,-0.11246944278374027,-0.11598944278374027,20
2019-04-23,2019-04-24,2019-05-27,sh.601818,-0.09389678692364833,-0.09741678692364833,20
2023-02-08,2023-02-09,2023-03-09,sz.002925,0.018867956592823587,0.015347956592823588,20
2022-12-06,2022-12-07,2023-01-05,sh.605166,-0.06230772458589995,-0.06582772458589994,20
2021-11-11,2021-11-12,2021-12-10,sh.601288,0.003412965950654101,-0.00010703404934589867,20
2013-04-24,2013-04-25,2013-05-28,sh.601727,0.018134759990618976,0.014614759990618977,20
2018-04-27,2018-05-02,2018-05-30,sh.600420,0.06299902889387665,0.05947902889387665,20
2021-03-16,2021-03-17,2021-04-15,sz.002839,-0.08263065519437707,-0.08615065519437706,20
2017-08-01,2017-08-02,2017-08-30,sz.002069,0.012987000923330161,0.009467000923330162,20
2014-03-25,2014-03-26,2014-04-24,sh.601678,-0.0069156556850563655,-0.010435655685056364,20
2017-03-07,2017-03-08,2017-04-07,sz.000598,0.0016750802735814307,-0.001844919726418569,20
2013-03-25,2013-03-26,2013-04-25,sz.002031,0.04063863791497724,0.037118637914977236,20
2023-03-08,2023-03-09,2023-04-07,sz.300296,0.07328244352610214,0.06976244352610214,20
2017-02-07,2017-02-08,2017-03-08,sh.600624,0.057387092931549644,0.05386709293154964,20
2021-03-16,2021-03-17,2021-04-15,sh.600527,0.04166662527455389,0.03814662527455389,20
2016-11-07,2016-11-08,2016-12-06,sh.600515,-0.049535629995625774,-0.053055629995625776,20
2019-07-22,2019-07-23,2019-08-20,sh.603385,0.026255654820420693,0.022735654820420694,20
2021-06-15,2021-06-16,2021-07-14,sz.002608,-0.02635652782696063,-0.02987652782696063,20
2018-04-27,2018-05-02,2018-05-30,sh.600071,-0.06785710960829183,-0.07137710960829183,20
2022-01-07,2022-01-10,2022-02-14,sz.000623,-0.055030560517713156,-0.05855056051771316,20
2021-02-09,2021-02-10,2021-03-17,sh.601881,-0.0057143256777808515,-0.00923432567778085,20
2014-04-23,2014-04-24,2014-05-26,sh.600674,-0.0025597854916358243,-0.006079785491635824,20
2014-04-23,2014-04-24,2014-05-26,sz.000417,-0.003539819573261993,-0.007059819573261993,20
2020-02-20,2020-02-21,2020-03-20,sz.000778,-0.043956066269097094,-0.047476066269097096,20
2014-03-25,2014-03-26,2014-04-24,sh.600019,0.02910056464205768,0.02558056464205768,20
2018-11-22,2018-11-23,2018-12-21,sh.600396,-0.12093027820452851,-0.1244502782045285,20
2020-04-17,2020-04-20,2020-05-21,sh.603585,-0.12041626701821873,-0.12393626701821872,20
2021-03-16,2021-03-17,2021-04-15,sz.002957,0.061246564446568064,0.05772656444656806,20
2022-01-07,2022-01-10,2022-02-14,sh.600186,-0.14098363064912312,-0.1445036306491231,20
2023-12-29,2024-01-02,2024-01-30,sh.603682,0.04886565599935633,0.045845655999356326,20
2020-05-20,2020-05-21,2020-06-18,sh.603898,0.07226275802198479,0.06874275802198479,20
2015-01-15,2015-01-16,2015-02-13,sh.600647,0.22012568640723562,0.21660568640723563,20
2010-01-04,2010-01-05,2010-02-02,sh.600859,-0.034157167441488445,-0.03767716744148845,20
2022-07-11,2022-07-12,2022-08-09,sz.300281,0.07922540487715435,0.07570540487715435,20
2020-12-14,2020-12-15,2021-01-13,sh.600874,-0.022658625069562732,-0.02617862506956273,20
2020-01-15,2020-01-16,2020-02-21,sh.600012,-0.07263518574901295,-0.07615518574901295,20
2023-12-29,2024-01-02,2024-01-30,sh.601113,0.00583089811581905,0.0028108981158190497,20
2011-06-30,2011-07-01,2011-07-29,sz.002367,-0.02922267575475712,-0.032742675754757124,20
2015-09-10,2015-09-11,2015-10-16,sh.600585,-0.01657761286862569,-0.02009761286862569,20
2014-04-23,2014-04-24,2014-05-26,sz.000955,0.00531914387692578,0.0017991438769257807,20
2021-12-09,2021-12-10,2022-01-10,sh.600783,0.07673665593564816,0.07321665593564816,20
2013-03-25,2013-03-26,2013-04-25,sh.600119,-0.061511406170976723,-0.06503140617097672,20
2022-09-05,2022-09-06,2022-10-12,sh.601366,-0.05124222372266318,-0.054762223722663185,20
2023-11-03,2023-11-06,2023-12-04,sz.300230,0.007317124513698703,0.004297124513698703,20
2016-11-07,2016-11-08,2016-12-06,sz.002603,0.07228908602498318,0.06876908602498319,20
2012-08-22,2012-08-23,2012-09-20,sz.300069,0.002608672432277581,-0.0009113275677224185,20
2022-06-13,2022-06-14,2022-07-12,sh.600435,0.028473804966210325,0.024953804966210327,20
2024-01-29,2024-01-30,2024-03-06,sz.301109,-0.054545481401296225,-0.05756548140129623,20
2011-08-25,2011-08-26,2011-09-26,sh.601006,-0.04993431113981184,-0.05345431113981184,20
2015-05-18,2015-05-19,2015-06-16,sz.002360,0.6486485232568509,0.6451285232568509,20
2010-07-05,2010-07-06,2010-08-03,sh.600177,0.2385685405987008,0.2350485405987008,20
2018-03-28,2018-03-29,2018-05-02,sz.002100,-0.15897438687607235,-0.16249438687607234,20
2023-01-04,2023-01-05,2023-02-09,sh.601916,-0.016835000617720808,-0.020355000617720807,20
2011-07-28,2011-07-29,2011-08-26,sz.002363,0.020121947035485865,0.016601947035485867,20
2023-09-28,2023-10-09,2023-11-06,sz.000505,-0.0325203582972442,-0.0355403582972442,20
2010-12-30,2010-12-31,2011-01-31,sz.300081,-0.1229375365842551,-0.1264575365842551,20
2016-02-05,2016-02-15,2016-03-14,sz.002475,0.07772406842792479,0.07420406842792479,20
2016-09-01,2016-09-02,2016-10-11,sz.002658,-0.015882379868451313,-0.01940237986845131,20
2012-08-22,2012-08-23,2012-09-20,sz.300053,0.0461538348677597,0.0426338348677597,20
2021-04-14,2021-04-15,2021-05-18,sh.603955,-0.06546761671841894,-0.06898761671841894,20
2017-02-07,2017-02-08,2017-03-08,sh.600196,0.016028141072516044,0.012508141072516046,20
2022-01-07,2022-01-10,2022-02-14,sz.000702,0.013916439742432063,0.010396439742432064,20
2022-01-07,2022-01-10,2022-02-14,sz.000055,-0.12062254896185409,-0.12414254896185409,20
2012-04-27,2012-05-02,2012-05-30,sz.002011,0.05365855519364526,0.05013855519364526,20
2022-09-05,2022-09-06,2022-10-12,sz.003013,0.06963611580286844,0.06611611580286844,20
2016-04-11,2016-04-12,2016-05-11,sh.600155,-0.15928568158830914,-0.16280568158830913,20
2017-01-03,2017-01-04,2017-02-08,sh.600728,0.009324000514850717,0.005804000514850717,20
2021-11-11,2021-11-12,2021-12-10,sh.601929,-0.01036268469951196,-0.013882684699511958,20
2021-08-10,2021-08-11,2021-09-08,sh.688309,-0.022423276676375226,-0.025943276676375224,20
2018-08-22,2018-08-23,2018-09-20,sz.002406,0.010362684486156404,0.006842684486156404,20
2015-12-10,2015-12-11,2016-01-11,sz.000869,-0.09011899202648022,-0.09363899202648021,20
2020-02-20,2020-02-21,2020-03-20,sz.000960,-0.19902438652224652,-0.20254438652224652,20
2020-02-20,2020-02-21,2020-03-20,sz.000780,-0.07954546583421263,-0.08306546583421262,20
2017-01-03,2017-01-04,2017-02-08,sz.000421,-0.03646407919901473,-0.039984079199014734,20
2023-01-04,2023-01-05,2023-02-09,sh.600596,0.03486126039421911,0.031341260394219105,20
2022-02-11,2022-02-14,2022-03-14,sz.002561,-0.008253087061479536,-0.011773087061479535,20
2013-03-25,2013-03-26,2013-04-25,sh.600674,-0.031216357701166486,-0.03473635770116649,20
2020-06-17,2020-06-18,2020-07-20,sh.600039,0.06930698328024776,0.06578698328024776,20
2012-11-21,2012-11-22,2012-12-20,sh.600122,0.020942451183951105,0.017422451183951106,20
2014-04-23,2014-04-24,2014-05-26,sh.600444,-0.042727297002619014,-0.046247297002619016,20
2017-12-26,2017-12-27,2018-01-25,sz.000875,-0.07272726709755406,-0.07624726709755406,20
2019-06-24,2019-06-25,2019-07-23,sz.000543,-0.09278346765230061,-0.0963034676523006,20
2016-11-07,2016-11-08,2016-12-06,sz.000723,-0.14263566793129956,-0.14615566793129955,20
2021-12-09,2021-12-10,2022-01-10,sz.002315,0.0569620608443,0.0534420608443,20
2024-01-29,2024-01-30,2024-03-06,sh.600578,0.006578941176802688,0.0035589411768026883,20
2023-04-06,2023-04-07,2023-05-10,sh.600582,0.14845366622401102,0.14493366622401102,20
2019-07-22,2019-07-23,2019-08-20,sh.600083,0.1664012045452905,0.1628812045452905,20
2016-12-05,2016-12-06,2017-01-04,sh.601928,-0.05144401613258898,-0.05496401613258898,20
2012-12-19,2012-12-20,2013-01-22,sz.000411,0.03924049861231338,0.03572049861231338,20
2021-07-13,2021-07-14,2021-08-11,sz.002598,0.37466303293620906,0.37114303293620904,20
2021-06-15,2021-06-16,2021-07-14,sh.600820,-0.015267161679471508,-0.018787161679471507,20
2017-06-06,2017-06-07,2017-07-05,sz.002187,0.019559882816981178,0.01603988281698118,20
2019-06-24,2019-06-25,2019-07-23,sh.600508,-0.04883006571330284,-0.05235006571330284,20
2023-05-09,2023-05-10,2023-06-07,sz.003041,0.036144569503793855,0.03262456950379385,20
2020-05-20,2020-05-21,2020-06-18,sz.000552,-0.031111081441243527,-0.03463108144124353,20
2019-03-25,2019-03-26,2019-04-24,sz.002324,0.08461536643224488,0.08109536643224488,20
2014-07-21,2014-07-22,2014-08-19,sz.000650,0.059880179679085765,0.05636017967908576,20
2021-09-07,2021-09-08,2021-10-15,sh.603577,-0.029933530383723816,-0.03345353038372382,20
2013-02-25,2013-02-26,2013-03-26,sh.600590,0.015384600712702756,0.011864600712702757,20
2013-08-22,2013-08-23,2013-09-24,sh.600112,0.18626431069737803,0.18274431069737804,20
2019-05-24,2019-05-27,2019-06-25,sh.600033,0.05538463592529297,0.051864635925292966,20
2019-04-23,2019-04-24,2019-05-27,sh.603668,0.08975706481812962,0.08623706481812962,20
2020-06-17,2020-06-18,2020-07-20,sz.002014,0.1457399304502005,0.1422199304502005,20
2011-04-01,2011-04-06,2011-05-05,sh.601668,0.05376345326492782,0.050243453264927816,20
2022-04-12,2022-04-13,2022-05-16,sz.000828,-0.10247025199338,-0.10599025199338,20
2020-04-17,2020-04-20,2020-05-21,sz.002287,-0.07798617501759308,-0.08150617501759308,20
2010-12-30,2010-12-31,2011-01-31,sh.600861,0.03760161380300109,0.034081613803001086,20
2015-11-12,2015-11-13,2015-12-11,sh.600211,-0.09699079554185519,-0.10051079554185519,20
2012-01-31,2012-02-01,2012-02-29,sz.002523,0.15417106620684873,0.15065106620684873,20
2014-10-21,2014-10-22,2014-11-19,sh.600428,0.2548544223059799,0.25133442230597985,20
2017-08-01,2017-08-02,2017-08-30,sz.002337,0.09824569093957503,0.09472569093957503,20
2023-11-03,2023-11-06,2023-12-04,sh.601952,-0.0009388991141484615,-0.003958899114148462,20
2023-08-03,2023-08-04,2023-09-01,sz.300126,0.07919250737783323,0.07617250737783324,20
2019-12-17,2019-12-18,2020-01-16,sz.002221,-0.007462679485599422,-0.01098267948559942,20
2017-08-29,2017-08-30,2017-09-27,sh.600900,-0.012337635395437307,-0.015857635395437306,20
2021-06-15,2021-06-16,2021-07-14,sz.002942,-0.2036793532225044,-0.2071993532225044,20
2016-06-07,2016-06-08,2016-07-08,sh.600317,0.057971027512881745,0.05445102751288174,20
2017-08-01,2017-08-02,2017-08-30,sh.600380,0.0,-0.0035199999999999997,20
2022-10-11,2022-10-12,2022-11-09,sh.601106,0.04593643743660425,0.04241643743660425,20
2016-04-11,2016-04-12,2016-05-11,sz.000825,-0.09090907243657698,-0.09442907243657697,20
2016-02-05,2016-02-15,2016-03-14,sz.002002,0.06960230832534653,0.06608230832534653,20
2018-02-28,2018-03-01,2018-03-29,sh.600098,-0.0032051252660429963,-0.006725125266042996,20
2019-07-22,2019-07-23,2019-08-20,sh.600790,0.019773992654552597,0.016253992654552598,20
2019-09-17,2019-09-18,2019-10-23,sz.002397,-0.058708450664665235,-0.06222845066466524,20
2017-08-01,2017-08-02,2017-08-30,sz.002316,-0.05122655524777886,-0.05474655524777886,20
2012-01-31,2012-02-01,2012-02-29,sh.600900,0.015432084002812374,0.011912084002812375,20
2018-02-28,2018-03-01,2018-03-29,sz.000665,0.07724873128515042,0.07372873128515042,20
2021-09-07,2021-09-08,2021-10-15,sz.000705,-0.050441314904047796,-0.0539613149040478,20
2020-02-20,2020-02-21,2020-03-20,sh.601366,0.19337020698509377,0.18985020698509378,20
2013-08-22,2013-08-23,2013-09-24,sh.600052,0.14925373559222255,0.14573373559222255,20
2015-10-15,2015-10-16,2015-11-13,sz.000900,0.052763828427282,0.049243828427282,20
2018-03-28,2018-03-29,2018-05-02,sz.002375,-0.021180081769274994,-0.024700081769274993,20
2022-10-11,2022-10-12,2022-11-09,sh.601003,0.05325438527933213,0.049734385279332126,20
2010-02-01,2010-02-02,2010-03-09,sh.600518,0.032649199540777385,0.029129199540777386,20
