bar_index,timestamp_utc,equity
0,2020-04-01T00:00:00Z,10000.0
1,2020-04-02T00:00:00Z,10000.0
2,2020-04-03T00:00:00Z,10000.0
3,2020-04-05T00:00:00Z,10000.0
4,2020-04-06T00:00:00Z,10000.0
5,2020-04-07T00:00:00Z,10000.0
6,2020-04-08T00:00:00Z,10000.0
7,2020-04-09T00:00:00Z,10000.0
8,2020-04-10T00:00:00Z,10000.0
9,2020-04-12T00:00:00Z,10000.0
10,2020-04-13T00:00:00Z,10000.0
11,2020-04-14T00:00:00Z,10000.0
12,2020-04-15T00:00:00Z,10000.0
13,2020-04-16T00:00:00Z,10000.0
14,2020-04-17T00:00:00Z,10000.0
15,2020-04-19T00:00:00Z,10000.0
16,2020-04-20T00:00:00Z,10000.0
17,2020-04-21T00:00:00Z,10000.0
18,2020-04-22T00:00:00Z,10000.0
19,2020-04-23T00:00:00Z,10000.0
20,2020-04-24T00:00:00Z,10000.0
21,2020-04-26T00:00:00Z,10000.0
22,2020-04-27T00:00:00Z,10000.0
23,2020-04-28T00:00:00Z,10000.0
24,2020-04-29T00:00:00Z,10000.0
25,2020-04-30T00:00:00Z,10000.0
26,2020-05-01T00:00:00Z,10000.0
27,2020-05-03T00:00:00Z,10000.0
28,2020-05-04T00:00:00Z,10000.0
29,2020-05-05T00:00:00Z,10000.0
30,2020-05-06T00:00:00Z,10000.0
31,2020-05-07T00:00:00Z,10000.0
32,2020-05-08T00:00:00Z,10000.0
33,2020-05-10T00:00:00Z,10000.0
34,2020-05-11T00:00:00Z,10000.0
35,2020-05-12T00:00:00Z,10000.0
36,2020-05-13T00:00:00Z,10000.0
37,2020-05-14T00:00:00Z,10000.0
38,2020-05-15T00:00:00Z,10000.0
39,2020-05-17T00:00:00Z,10000.0
40,2020-05-18T00:00:00Z,10000.0
41,2020-05-19T00:00:00Z,10000.0
42,2020-05-20T00:00:00Z,10000.0
43,2020-05-21T00:00:00Z,10000.0
44,2020-05-22T00:00:00Z,10000.0
45,2020-05-24T00:00:00Z,10000.0
46,2020-05-25T00:00:00Z,10000.0
47,2020-05-26T00:00:00Z,10000.0
48,2020-05-27T00:00:00Z,10000.0
49,2020-05-28T00:00:00Z,10000.0
50,2020-05-29T00:00:00Z,10000.0
51,2020-05-31T00:00:00Z,10000.0
52,2020-06-01T00:00:00Z,10000.0
53,2020-06-02T00:00:00Z,10000.0
54,2020-06-03T00:00:00Z,10000.0
55,2020-06-04T00:00:00Z,10000.0
56,2020-06-05T00:00:00Z,10000.0
57,2020-06-07T00:00:00Z,10000.0
58,2020-06-08T00:00:00Z,10000.0
59,2020-06-09T00:00:00Z,10000.0
60,2020-06-10T00:00:00Z,10000.0
61,2020-06-11T00:00:00Z,10000.0
62,2020-06-12T00:00:00Z,10000.0
63,2020-06-14T00:00:00Z,10000.0
64,2020-06-15T00:00:00Z,10000.0
65,2020-06-16T00:00:00Z,10000.0
66,2020-06-17T00:00:00Z,10000.0
67,2020-06-18T00:00:00Z,10000.0
68,2020-06-19T00:00:00Z,10000.0
69,2020-06-21T00:00:00Z,10000.0
70,2020-06-22T00:00:00Z,10000.0
71,2020-06-23T00:00:00Z,10000.0
72,2020-06-24T00:00:00Z,10000.0
73,2020-06-25T00:00:00Z,10000.0
74,2020-06-26T00:00:00Z,10000.0
75,2020-06-28T00:00:00Z,10000.0
76,2020-06-29T00:00:00Z,10000.0
77,2020-06-30T00:00:00Z,10000.0
78,2020-07-01T00:00:00Z,10000.0
79,2020-07-02T00:00:00Z,10000.0
80,2020-07-03T00:00:00Z,10000.0
81,2020-07-05T00:00:00Z,10000.0
82,2020-07-06T00:00:00Z,10000.0
83,2020-07-07T00:00:00Z,10000.0
84,2020-07-08T00:00:00Z,10000.0
85,2020-07-09T00:00:00Z,10000.0
86,2020-07-10T00:00:00Z,10000.0
87,2020-07-12T00:00:00Z,10000.0
88,2020-07-13T00:00:00Z,10000.0
89,2020-07-14T00:00:00Z,10000.0
90,2020-07-15T00:00:00Z,10000.0
91,2020-07-16T00:00:00Z,10000.0
92,2020-07-17T00:00:00Z,10000.0
93,2020-07-19T00:00:00Z,10000.0
94,2020-07-20T00:00:00Z,10000.0
95,2020-07-21T00:00:00Z,10000.0
96,2020-07-22T00:00:00Z,10000.0
97,2020-07-23T00:00:00Z,10000.0
98,2020-07-24T00:00:00Z,10000.0
99,2020-07-26T00:00:00Z,10000.0
100,2020-07-27T00:00:00Z,10000.0
101,2020-07-28T00:00:00Z,10000.0
102,2020-07-29T00:00:00Z,10000.0
103,2020-07-30T00:00:00Z,10000.0
104,2020-07-31T00:00:00Z,10000.0
105,2020-08-02T00:00:00Z,10000.0
106,2020-08-03T00:00:00Z,10000.0
107,2020-08-04T00:00:00Z,10000.0
108,2020-08-05T00:00:00Z,10000.0
109,2020-08-06T00:00:00Z,10000.0
110,2020-08-07T00:00:00Z,10000.0
111,2020-08-09T00:00:00Z,10000.0
112,2020-08-10T00:00:00Z,10000.0
113,2020-08-11T00:00:00Z,10000.0
114,2020-08-12T00:00:00Z,10000.0
115,2020-08-13T00:00:00Z,10000.0
116,2020-08-14T00:00:00Z,10000.0
117,2020-08-16T00:00:00Z,10000.0
118,2020-08-17T00:00:00Z,10000.0
119,2020-08-18T00:00:00Z,10000.0
120,2020-08-19T00:00:00Z,10000.0
121,2020-08-20T00:00:00Z,10000.0
122,2020-08-21T00:00:00Z,10000.0
123,2020-08-23T00:00:00Z,10000.0
124,2020-08-24T00:00:00Z,10000.0
125,2020-08-25T00:00:00Z,10000.0
126,2020-08-26T00:00:00Z,10000.0
127,2020-08-27T00:00:00Z,10000.0
128,2020-08-28T00:00:00Z,10000.0
129,2020-08-30T00:00:00Z,10000.0
130,2020-08-31T00:00:00Z,10000.0
131,2020-09-01T00:00:00Z,10000.0
132,2020-09-02T00:00:00Z,10000.0
133,2020-09-03T00:00:00Z,10000.0
134,2020-09-04T00:00:00Z,10000.0
135,2020-09-06T00:00:00Z,10000.0
136,2020-09-07T00:00:00Z,10000.0
137,2020-09-08T00:00:00Z,10000.0
138,2020-09-09T00:00:00Z,10000.0
139,2020-09-10T00:00:00Z,10000.0
140,2020-09-11T00:00:00Z,10000.0
141,2020-09-13T00:00:00Z,10000.0
142,2020-09-14T00:00:00Z,10000.0
143,2020-09-15T00:00:00Z,10000.0
144,2020-09-16T00:00:00Z,10000.0
145,2020-09-17T00:00:00Z,10000.0
146,2020-09-18T00:00:00Z,10000.0
147,2020-09-20T00:00:00Z,10000.0
148,2020-09-21T00:00:00Z,10000.0
149,2020-09-22T00:00:00Z,10000.0
150,2020-09-23T00:00:00Z,10000.0
151,2020-09-24T00:00:00Z,10000.0
152,2020-09-25T00:00:00Z,10000.0
153,2020-09-27T00:00:00Z,10000.0
154,2020-09-28T00:00:00Z,10000.0
155,2020-09-29T00:00:00Z,10000.0
156,2020-09-30T00:00:00Z,10000.0
157,2020-10-01T00:00:00Z,10000.0
158,2020-10-02T00:00:00Z,10000.0
159,2020-10-04T00:00:00Z,10000.0
160,2020-10-05T00:00:00Z,10000.0
161,2020-10-06T00:00:00Z,10000.0
162,2020-10-07T00:00:00Z,10000.0
163,2020-10-08T00:00:00Z,10000.0
164,2020-10-09T00:00:00Z,10000.0
165,2020-10-11T00:00:00Z,10000.0
166,2020-10-12T00:00:00Z,10000.0
167,2020-10-13T00:00:00Z,10000.0
168,2020-10-14T00:00:00Z,10000.0
169,2020-10-15T00:00:00Z,10000.0
170,2020-10-16T00:00:00Z,10000.0
171,2020-10-18T00:00:00Z,10000.0
172,2020-10-19T00:00:00Z,10000.0
173,2020-10-20T00:00:00Z,10000.0
174,2020-10-21T00:00:00Z,10000.0
175,2020-10-22T00:00:00Z,9952.175501690408
176,2020-10-23T00:00:00Z,9969.016274086736
177,2020-10-25T00:00:00Z,9971.054893903132
178,2020-10-26T00:00:00Z,9940.72022940171
179,2020-10-27T00:00:00Z,9940.72022940171
180,2020-10-28T00:00:00Z,9940.72022940171
181,2020-10-29T00:00:00Z,9882.17730047047
182,2020-10-30T00:00:00Z,9882.17730047047
183,2020-11-01T00:00:00Z,9882.17730047047
184,2020-11-02T00:00:00Z,9882.17730047047
185,2020-11-03T00:00:00Z,9882.17730047047
186,2020-11-04T00:00:00Z,9882.17730047047
187,2020-11-05T00:00:00Z,9882.17730047047
188,2020-11-06T00:00:00Z,9878.349196681575
189,2020-11-08T00:00:00Z,9884.132240936744
190,2020-11-09T00:00:00Z,9826.643618299255
191,2020-11-10T00:00:00Z,9826.643618299255
192,2020-11-11T00:00:00Z,9826.643618299255
193,2020-11-12T00:00:00Z,9826.643618299255
194,2020-11-13T00:00:00Z,9826.643618299255
195,2020-11-15T00:00:00Z,9826.643618299255
196,2020-11-16T00:00:00Z,9826.643618299255
197,2020-11-17T00:00:00Z,9826.643618299255
198,2020-11-18T00:00:00Z,9826.643618299255
199,2020-11-19T00:00:00Z,9826.643618299255
200,2020-11-20T00:00:00Z,9826.643618299255
201,2020-11-22T00:00:00Z,9826.643618299255
202,2020-11-23T00:00:00Z,9826.643618299255
203,2020-11-24T00:00:00Z,9826.643618299255
204,2020-11-25T00:00:00Z,9826.643618299255
205,2020-11-26T00:00:00Z,9826.643618299255
206,2020-11-27T00:00:00Z,9826.643618299255
207,2020-11-29T00:00:00Z,9826.643618299255
208,2020-11-30T00:00:00Z,9826.643618299255
209,2020-12-01T00:00:00Z,9826.643618299255
210,2020-12-02T00:00:00Z,9826.643618299255
211,2020-12-03T00:00:00Z,9826.643618299255
212,2020-12-04T00:00:00Z,9826.643618299255
213,2020-12-06T00:00:00Z,9826.643618299255
214,2020-12-07T00:00:00Z,9826.643618299255
215,2020-12-08T00:00:00Z,9826.643618299255
216,2020-12-09T00:00:00Z,9826.643618299255
217,2020-12-10T00:00:00Z,9826.643618299255
218,2020-12-11T00:00:00Z,9826.643618299255
219,2020-12-13T00:00:00Z,9826.643618299255
220,2020-12-14T00:00:00Z,9826.643618299255
221,2020-12-15T00:00:00Z,9826.643618299255
222,2020-12-16T00:00:00Z,9826.643618299255
223,2020-12-17T00:00:00Z,9826.643618299255
224,2020-12-18T00:00:00Z,9826.643618299255
225,2020-12-20T00:00:00Z,9826.643618299255
226,2020-12-21T00:00:00Z,9826.643618299255
227,2020-12-22T00:00:00Z,9826.643618299255
228,2020-12-23T00:00:00Z,9826.643618299255
229,2020-12-24T00:00:00Z,9826.643618299255
230,2020-12-27T00:00:00Z,9826.643618299255
231,2020-12-28T00:00:00Z,9826.643618299255
232,2020-12-29T00:00:00Z,9826.643618299255
233,2020-12-30T00:00:00Z,9826.643618299255
234,2020-12-31T00:00:00Z,9826.643618299255
235,2021-01-03T00:00:00Z,9826.643618299255
236,2021-01-04T00:00:00Z,9826.643618299255
237,2021-01-05T00:00:00Z,9826.643618299255
238,2021-01-06T00:00:00Z,9826.643618299255
239,2021-01-07T00:00:00Z,9826.643618299255
240,2021-01-08T00:00:00Z,9826.643618299255
241,2021-01-10T00:00:00Z,9826.643618299255
242,2021-01-11T00:00:00Z,9826.643618299255
243,2021-01-12T00:00:00Z,9826.643618299255
244,2021-01-13T00:00:00Z,9826.643618299255
245,2021-01-14T00:00:00Z,9826.643618299255
246,2021-01-15T00:00:00Z,9826.643618299255
247,2021-01-17T00:00:00Z,9826.643618299255
248,2021-01-18T00:00:00Z,9826.643618299255
249,2021-01-19T00:00:00Z,9826.643618299255
250,2021-01-20T00:00:00Z,9826.643618299255
251,2021-01-21T00:00:00Z,9826.643618299255
252,2021-01-22T00:00:00Z,9826.643618299255
253,2021-01-24T00:00:00Z,9826.643618299255
254,2021-01-25T00:00:00Z,9826.643618299255
255,2021-01-26T00:00:00Z,9826.643618299255
256,2021-01-27T00:00:00Z,9826.643618299255
257,2021-01-28T00:00:00Z,9826.643618299255
258,2021-01-29T00:00:00Z,9826.643618299255
259,2021-01-31T00:00:00Z,9826.643618299255
260,2021-02-01T00:00:00Z,9826.643618299255
261,2021-02-02T00:00:00Z,9826.643618299255
262,2021-02-03T00:00:00Z,9826.643618299255
263,2021-02-04T00:00:00Z,9826.643618299255
264,2021-02-05T00:00:00Z,9826.643618299255
265,2021-02-07T00:00:00Z,9826.643618299255
266,2021-02-08T00:00:00Z,9826.643618299255
267,2021-02-09T00:00:00Z,9826.643618299255
268,2021-02-10T00:00:00Z,9826.643618299255
269,2021-02-11T00:00:00Z,9826.643618299255
270,2021-02-12T00:00:00Z,9826.643618299255
271,2021-02-14T00:00:00Z,9826.643618299255
272,2021-02-15T00:00:00Z,9826.643618299255
273,2021-02-16T00:00:00Z,9826.643618299255
274,2021-02-17T00:00:00Z,9783.455179205435
275,2021-02-18T00:00:00Z,9769.686840576316
276,2021-02-19T00:00:00Z,9769.686840576316
277,2021-02-21T00:00:00Z,9769.686840576316
278,2021-02-22T00:00:00Z,9769.686840576316
279,2021-02-23T00:00:00Z,9769.686840576316
280,2021-02-24T00:00:00Z,9769.686840576316
281,2021-02-25T00:00:00Z,9769.686840576316
282,2021-02-26T00:00:00Z,9714.024898166144
283,2021-02-28T00:00:00Z,9692.122168542955
284,2021-03-01T00:00:00Z,9714.059007540143
285,2021-03-02T00:00:00Z,9708.81586195565
286,2021-03-03T00:00:00Z,9727.558600769182
287,2021-03-04T00:00:00Z,9780.53245098492
288,2021-03-05T00:00:00Z,9760.962436909189
289,2021-03-07T00:00:00Z,9745.838502720599
290,2021-03-08T00:00:00Z,9775.574316952237
291,2021-03-09T00:00:00Z,9755.598242132519
292,2021-03-10T00:00:00Z,9748.40685519742
293,2021-03-11T00:00:00Z,9755.48409313355
294,2021-03-12T00:00:00Z,9736.861315766331
295,2021-03-14T00:00:00Z,9736.861315766331
296,2021-03-15T00:00:00Z,9736.861315766331
297,2021-03-16T00:00:00Z,9736.861315766331
298,2021-03-17T00:00:00Z,9736.861315766331
299,2021-03-18T00:00:00Z,9736.861315766331
300,2021-03-19T00:00:00Z,9736.861315766331
301,2021-03-21T00:00:00Z,9736.861315766331
302,2021-03-22T00:00:00Z,9736.861315766331
303,2021-03-23T00:00:00Z,9736.861315766331
304,2021-03-24T00:00:00Z,9736.861315766331
305,2021-03-25T00:00:00Z,9736.861315766331
306,2021-03-26T00:00:00Z,9736.861315766331
307,2021-03-28T00:00:00Z,9720.016171593037
308,2021-03-29T00:00:00Z,9722.895351014366
309,2021-03-30T00:00:00Z,9753.650222105833
310,2021-03-31T00:00:00Z,9783.161811174452
311,2021-04-01T00:00:00Z,9773.673606263255
312,2021-04-02T00:00:00Z,9751.989171737874
313,2021-04-04T00:00:00Z,9751.989171737874
314,2021-04-05T00:00:00Z,9751.989171737874
315,2021-04-06T00:00:00Z,9751.989171737874
316,2021-04-07T00:00:00Z,9751.989171737874
317,2021-04-08T00:00:00Z,9751.989171737874
318,2021-04-09T00:00:00Z,9751.989171737874
319,2021-04-11T00:00:00Z,9751.989171737874
320,2021-04-12T00:00:00Z,9751.989171737874
321,2021-04-13T00:00:00Z,9751.989171737874
322,2021-04-14T00:00:00Z,9751.989171737874
323,2021-04-15T00:00:00Z,9751.989171737874
324,2021-04-16T00:00:00Z,9751.989171737874
325,2021-04-18T00:00:00Z,9751.989171737874
326,2021-04-19T00:00:00Z,9751.989171737874
327,2021-04-20T00:00:00Z,9751.989171737874
328,2021-04-21T00:00:00Z,9751.989171737874
329,2021-04-22T00:00:00Z,9751.989171737874
330,2021-04-23T00:00:00Z,9751.989171737874
331,2021-04-25T00:00:00Z,9751.989171737874
332,2021-04-26T00:00:00Z,9751.989171737874
333,2021-04-27T00:00:00Z,9751.989171737874
334,2021-04-28T00:00:00Z,9751.989171737874
335,2021-04-29T00:00:00Z,9751.989171737874
336,2021-04-30T00:00:00Z,9751.989171737874
337,2021-05-02T00:00:00Z,9751.989171737874
338,2021-05-03T00:00:00Z,9751.989171737874
339,2021-05-04T00:00:00Z,9751.989171737874
340,2021-05-05T00:00:00Z,9751.989171737874
341,2021-05-06T00:00:00Z,9751.989171737874
342,2021-05-07T00:00:00Z,9751.989171737874
343,2021-05-09T00:00:00Z,9751.989171737874
344,2021-05-10T00:00:00Z,9751.989171737874
345,2021-05-11T00:00:00Z,9751.989171737874
346,2021-05-12T00:00:00Z,9751.989171737874
347,2021-05-13T00:00:00Z,9751.989171737874
348,2021-05-14T00:00:00Z,9751.989171737874
349,2021-05-16T00:00:00Z,9751.989171737874
350,2021-05-17T00:00:00Z,9751.989171737874
351,2021-05-18T00:00:00Z,9751.989171737874
352,2021-05-19T00:00:00Z,9751.989171737874
353,2021-05-20T00:00:00Z,9751.989171737874
354,2021-05-21T00:00:00Z,9751.989171737874
355,2021-05-23T00:00:00Z,9751.989171737874
356,2021-05-24T00:00:00Z,9751.989171737874
357,2021-05-25T00:00:00Z,9751.989171737874
358,2021-05-26T00:00:00Z,9751.989171737874
359,2021-05-27T00:00:00Z,9751.989171737874
360,2021-05-28T00:00:00Z,9751.989171737874
361,2021-05-30T00:00:00Z,9751.989171737874
362,2021-05-31T00:00:00Z,9751.989171737874
363,2021-06-01T00:00:00Z,9751.989171737874
364,2021-06-02T00:00:00Z,9751.989171737874
365,2021-06-03T00:00:00Z,9751.989171737874
366,2021-06-04T00:00:00Z,9751.989171737874
367,2021-06-06T00:00:00Z,9751.989171737874
368,2021-06-07T00:00:00Z,9751.989171737874
369,2021-06-08T00:00:00Z,9751.989171737874
370,2021-06-09T00:00:00Z,9751.989171737874
371,2021-06-10T00:00:00Z,9751.989171737874
372,2021-06-11T00:00:00Z,9751.989171737874
373,2021-06-13T00:00:00Z,9751.989171737874
374,2021-06-14T00:00:00Z,9751.989171737874
375,2021-06-15T00:00:00Z,9751.989171737874
376,2021-06-16T00:00:00Z,9751.989171737874
377,2021-06-17T00:00:00Z,9751.989171737874
378,2021-06-18T00:00:00Z,9751.989171737874
379,2021-06-20T00:00:00Z,9751.989171737874
380,2021-06-21T00:00:00Z,9751.989171737874
381,2021-06-22T00:00:00Z,9751.989171737874
382,2021-06-23T00:00:00Z,9751.989171737874
383,2021-06-24T00:00:00Z,9751.989171737874
384,2021-06-25T00:00:00Z,9751.989171737874
385,2021-06-27T00:00:00Z,9751.989171737874
386,2021-06-28T00:00:00Z,9751.989171737874
387,2021-06-29T00:00:00Z,9751.989171737874
388,2021-06-30T00:00:00Z,9751.989171737874
389,2021-07-01T00:00:00Z,9751.989171737874
390,2021-07-02T00:00:00Z,9751.989171737874
391,2021-07-04T00:00:00Z,9751.989171737874
392,2021-07-05T00:00:00Z,9751.989171737874
393,2021-07-06T00:00:00Z,9751.989171737874
394,2021-07-07T00:00:00Z,9751.989171737874
395,2021-07-08T00:00:00Z,9751.989171737874
396,2021-07-09T00:00:00Z,9751.989171737874
397,2021-07-11T00:00:00Z,9751.989171737874
398,2021-07-12T00:00:00Z,9751.989171737874
399,2021-07-13T00:00:00Z,9751.989171737874
400,2021-07-14T00:00:00Z,9751.989171737874
401,2021-07-15T00:00:00Z,9751.989171737874
402,2021-07-16T00:00:00Z,9751.989171737874
403,2021-07-18T00:00:00Z,9751.989171737874
404,2021-07-19T00:00:00Z,9751.989171737874
405,2021-07-20T00:00:00Z,9751.989171737874
406,2021-07-21T00:00:00Z,9751.989171737874
407,2021-07-22T00:00:00Z,9751.989171737874
408,2021-07-23T00:00:00Z,9751.989171737874
409,2021-07-25T00:00:00Z,9751.989171737874
410,2021-07-26T00:00:00Z,9751.989171737874
411,2021-07-27T00:00:00Z,9751.989171737874
412,2021-07-28T00:00:00Z,9751.989171737874
413,2021-07-29T00:00:00Z,9751.989171737874
414,2021-07-30T00:00:00Z,9751.989171737874
415,2021-08-01T00:00:00Z,9751.989171737874
416,2021-08-02T00:00:00Z,9751.989171737874
417,2021-08-03T00:00:00Z,9751.989171737874
418,2021-08-04T00:00:00Z,9696.205981351553
419,2021-08-05T00:00:00Z,9696.205981351553
420,2021-08-06T00:00:00Z,9696.205981351553
421,2021-08-08T00:00:00Z,9696.205981351553
422,2021-08-09T00:00:00Z,9696.205981351553
423,2021-08-10T00:00:00Z,9696.205981351553
424,2021-08-11T00:00:00Z,9696.205981351553
425,2021-08-12T00:00:00Z,9696.205981351553
426,2021-08-13T00:00:00Z,9696.205981351553
427,2021-08-15T00:00:00Z,9696.205981351553
428,2021-08-16T00:00:00Z,9696.205981351553
429,2021-08-17T00:00:00Z,9696.205981351553
430,2021-08-18T00:00:00Z,9696.205981351553
431,2021-08-19T00:00:00Z,9696.205981351553
432,2021-08-20T00:00:00Z,9696.205981351553
433,2021-08-22T00:00:00Z,9696.205981351553
434,2021-08-23T00:00:00Z,9696.205981351553
435,2021-08-24T00:00:00Z,9696.205981351553
436,2021-08-25T00:00:00Z,9696.205981351553
437,2021-08-26T00:00:00Z,9696.205981351553
438,2021-08-27T00:00:00Z,9696.205981351553
439,2021-08-29T00:00:00Z,9696.205981351553
440,2021-08-30T00:00:00Z,9696.205981351553
441,2021-08-31T00:00:00Z,9696.205981351553
442,2021-09-01T00:00:00Z,9696.205981351553
443,2021-09-02T00:00:00Z,9696.205981351553
444,2021-09-03T00:00:00Z,9696.205981351553
445,2021-09-05T00:00:00Z,9696.205981351553
446,2021-09-06T00:00:00Z,9696.205981351553
447,2021-09-07T00:00:00Z,9696.205981351553
448,2021-09-08T00:00:00Z,9696.205981351553
449,2021-09-09T00:00:00Z,9696.205981351553
450,2021-09-10T00:00:00Z,9696.205981351553
451,2021-09-12T00:00:00Z,9696.205981351553
452,2021-09-13T00:00:00Z,9696.205981351553
453,2021-09-14T00:00:00Z,9696.205981351553
454,2021-09-15T00:00:00Z,9696.205981351553
455,2021-09-16T00:00:00Z,9696.205981351553
456,2021-09-17T00:00:00Z,9696.205981351553
457,2021-09-19T00:00:00Z,9696.205981351553
458,2021-09-20T00:00:00Z,9696.205981351553
459,2021-09-21T00:00:00Z,9696.205981351553
460,2021-09-22T00:00:00Z,9696.205981351553
461,2021-09-23T00:00:00Z,9696.205981351553
462,2021-09-24T00:00:00Z,9696.205981351553
463,2021-09-26T00:00:00Z,9696.205981351553
464,2021-09-27T00:00:00Z,9696.205981351553
465,2021-09-28T00:00:00Z,9696.205981351553
466,2021-09-29T00:00:00Z,9696.205981351553
467,2021-09-30T00:00:00Z,9696.205981351553
468,2021-10-01T00:00:00Z,9696.205981351553
469,2021-10-03T00:00:00Z,9696.205981351553
470,2021-10-04T00:00:00Z,9696.205981351553
471,2021-10-05T00:00:00Z,9696.205981351553
472,2021-10-06T00:00:00Z,9696.205981351553
473,2021-10-07T00:00:00Z,9696.205981351553
474,2021-10-08T00:00:00Z,9696.205981351553
475,2021-10-10T00:00:00Z,9684.362971245791
476,2021-10-11T00:00:00Z,9748.938155924701
477,2021-10-12T00:00:00Z,9757.509570572665
478,2021-10-13T00:00:00Z,9744.189128890019
479,2021-10-14T00:00:00Z,9774.65239986859
480,2021-10-15T00:00:00Z,9754.99411114528
481,2021-10-17T00:00:00Z,9746.480016821355
482,2021-10-18T00:00:00Z,9744.16062652783
483,2021-10-19T00:00:00Z,9757.707974378649
484,2021-10-20T00:00:00Z,9749.379254688261
485,2021-10-21T00:00:00Z,9720.966723592575
486,2021-10-22T00:00:00Z,9703.072039459876
487,2021-10-24T00:00:00Z,9703.072039459876
488,2021-10-25T00:00:00Z,9703.072039459876
489,2021-10-26T00:00:00Z,9703.072039459876
490,2021-10-27T00:00:00Z,9703.072039459876
491,2021-10-28T00:00:00Z,9703.072039459876
492,2021-10-29T00:00:00Z,9703.072039459876
493,2021-10-31T00:00:00Z,9703.072039459876
494,2021-11-01T00:00:00Z,9703.072039459876
495,2021-11-02T00:00:00Z,9703.072039459876
496,2021-11-03T00:00:00Z,9703.072039459876
497,2021-11-04T00:00:00Z,9703.072039459876
498,2021-11-05T00:00:00Z,9703.072039459876
499,2021-11-07T00:00:00Z,9703.072039459876
500,2021-11-08T00:00:00Z,9703.072039459876
501,2021-11-09T00:00:00Z,9703.072039459876
502,2021-11-10T00:00:00Z,9703.072039459876
503,2021-11-11T00:00:00Z,9703.072039459876
504,2021-11-12T00:00:00Z,9703.072039459876
505,2021-11-14T00:00:00Z,9703.072039459876
506,2021-11-15T00:00:00Z,9703.072039459876
507,2021-11-16T00:00:00Z,9703.072039459876
508,2021-11-17T00:00:00Z,9703.072039459876
509,2021-11-18T00:00:00Z,9703.072039459876
510,2021-11-19T00:00:00Z,9703.072039459876
511,2021-11-21T00:00:00Z,9703.072039459876
512,2021-11-22T00:00:00Z,9703.072039459876
513,2021-11-23T00:00:00Z,9703.072039459876
514,2021-11-24T00:00:00Z,9703.072039459876
515,2021-11-25T00:00:00Z,9703.072039459876
516,2021-11-26T00:00:00Z,9703.072039459876
517,2021-11-28T00:00:00Z,9703.072039459876
518,2021-11-29T00:00:00Z,9703.072039459876
519,2021-11-30T00:00:00Z,9703.072039459876
520,2021-12-01T00:00:00Z,9703.072039459876
521,2021-12-02T00:00:00Z,9703.072039459876
522,2021-12-03T00:00:00Z,9703.072039459876
523,2021-12-05T00:00:00Z,9703.072039459876
524,2021-12-06T00:00:00Z,9703.072039459876
525,2021-12-07T00:00:00Z,9703.072039459876
526,2021-12-08T00:00:00Z,9703.072039459876
527,2021-12-09T00:00:00Z,9703.072039459876
528,2021-12-10T00:00:00Z,9703.072039459876
529,2021-12-12T00:00:00Z,9703.072039459876
530,2021-12-13T00:00:00Z,9703.072039459876
531,2021-12-14T00:00:00Z,9703.072039459876
532,2021-12-15T00:00:00Z,9703.072039459876
533,2021-12-16T00:00:00Z,9703.072039459876
534,2021-12-17T00:00:00Z,9703.072039459876
535,2021-12-19T00:00:00Z,9703.072039459876
536,2021-12-20T00:00:00Z,9703.072039459876
537,2021-12-21T00:00:00Z,9703.072039459876
538,2021-12-22T00:00:00Z,9703.072039459876
539,2021-12-23T00:00:00Z,9703.072039459876
540,2021-12-24T00:00:00Z,9703.072039459876
541,2021-12-26T00:00:00Z,9703.072039459876
542,2021-12-27T00:00:00Z,9703.072039459876
543,2021-12-28T00:00:00Z,9703.072039459876
544,2021-12-29T00:00:00Z,9703.072039459876
545,2021-12-30T00:00:00Z,9703.072039459876
546,2021-12-31T00:00:00Z,9703.072039459876
547,2022-01-02T00:00:00Z,9703.072039459876
548,2022-01-03T00:00:00Z,9703.072039459876
549,2022-01-04T00:00:00Z,9745.081043990875
550,2022-01-05T00:00:00Z,9741.052527718823
551,2022-01-06T00:00:00Z,9719.14747048954
552,2022-01-07T00:00:00Z,9692.542477609533
553,2022-01-09T00:00:00Z,9698.585252017612
554,2022-01-10T00:00:00Z,9669.638945572322
555,2022-01-11T00:00:00Z,9669.638945572322
556,2022-01-12T00:00:00Z,9669.638945572322
557,2022-01-13T00:00:00Z,9669.638945572322
558,2022-01-14T00:00:00Z,9669.638945572322
559,2022-01-16T00:00:00Z,9669.638945572322
560,2022-01-17T00:00:00Z,9669.638945572322
561,2022-01-18T00:00:00Z,9669.638945572322
562,2022-01-19T00:00:00Z,9669.638945572322
563,2022-01-20T00:00:00Z,9669.638945572322
564,2022-01-21T00:00:00Z,9669.638945572322
565,2022-01-23T00:00:00Z,9669.638945572322
566,2022-01-24T00:00:00Z,9669.638945572322
567,2022-01-25T00:00:00Z,9669.638945572322
568,2022-01-26T00:00:00Z,9669.638945572322
569,2022-01-27T00:00:00Z,9669.638945572322
570,2022-01-28T00:00:00Z,9669.638945572322
571,2022-01-30T00:00:00Z,9669.638945572322
572,2022-01-31T00:00:00Z,9669.638945572322
573,2022-02-01T00:00:00Z,9669.638945572322
574,2022-02-02T00:00:00Z,9669.638945572322
575,2022-02-03T00:00:00Z,9669.638945572322
576,2022-02-04T00:00:00Z,9669.638945572322
577,2022-02-06T00:00:00Z,9669.638945572322
578,2022-02-07T00:00:00Z,9669.638945572322
579,2022-02-08T00:00:00Z,9669.638945572322
580,2022-02-09T00:00:00Z,9669.638945572322
581,2022-02-10T00:00:00Z,9669.638945572322
582,2022-02-11T00:00:00Z,9669.638945572322
583,2022-02-13T00:00:00Z,9669.638945572322
584,2022-02-14T00:00:00Z,9669.638945572322
585,2022-02-15T00:00:00Z,9669.638945572322
586,2022-02-16T00:00:00Z,9669.638945572322
587,2022-02-17T00:00:00Z,9669.638945572322
588,2022-02-18T00:00:00Z,9669.638945572322
589,2022-02-20T00:00:00Z,9669.638945572322
590,2022-02-21T00:00:00Z,9669.638945572322
591,2022-02-22T00:00:00Z,9669.638945572322
592,2022-02-23T00:00:00Z,9669.638945572322
593,2022-02-24T00:00:00Z,9669.638945572322
594,2022-02-25T00:00:00Z,9669.638945572322
595,2022-02-27T00:00:00Z,9669.638945572322
596,2022-02-28T00:00:00Z,9669.638945572322
597,2022-03-01T00:00:00Z,9669.638945572322
598,2022-03-02T00:00:00Z,9669.638945572322
599,2022-03-03T00:00:00Z,9669.638945572322
600,2022-03-04T00:00:00Z,9669.638945572322
601,2022-03-06T00:00:00Z,9669.638945572322
602,2022-03-07T00:00:00Z,9669.638945572322
603,2022-03-08T00:00:00Z,9669.638945572322
604,2022-03-09T00:00:00Z,9669.638945572322
605,2022-03-10T00:00:00Z,9669.638945572322
606,2022-03-11T00:00:00Z,9669.638945572322
607,2022-03-13T00:00:00Z,9669.638945572322
608,2022-03-14T00:00:00Z,9669.638945572322
609,2022-03-15T00:00:00Z,9669.638945572322
610,2022-03-16T00:00:00Z,9669.638945572322
611,2022-03-17T00:00:00Z,9669.638945572322
612,2022-03-18T00:00:00Z,9669.638945572322
613,2022-03-20T00:00:00Z,9661.193160908515
614,2022-03-21T00:00:00Z,9677.502796184206
615,2022-03-22T00:00:00Z,9764.371493826377
616,2022-03-23T00:00:00Z,9753.531553307776
617,2022-03-24T00:00:00Z,9814.742410089408
618,2022-03-25T00:00:00Z,9796.9549551315
619,2022-03-27T00:00:00Z,9796.9549551315
620,2022-03-28T00:00:00Z,9796.9549551315
621,2022-03-29T00:00:00Z,9796.9549551315
622,2022-03-30T00:00:00Z,9796.9549551315
623,2022-03-31T00:00:00Z,9796.9549551315
624,2022-04-01T00:00:00Z,9796.9549551315
625,2022-04-03T00:00:00Z,9796.9549551315
626,2022-04-04T00:00:00Z,9796.9549551315
627,2022-04-05T00:00:00Z,9796.9549551315
628,2022-04-06T00:00:00Z,9796.9549551315
629,2022-04-07T00:00:00Z,9796.9549551315
630,2022-04-08T00:00:00Z,9796.9549551315
631,2022-04-10T00:00:00Z,9796.9549551315
632,2022-04-11T00:00:00Z,9796.9549551315
633,2022-04-12T00:00:00Z,9796.9549551315
634,2022-04-13T00:00:00Z,9796.9549551315
635,2022-04-14T00:00:00Z,9796.9549551315
636,2022-04-15T00:00:00Z,9796.9549551315
637,2022-04-17T00:00:00Z,9792.524121974067
638,2022-04-18T00:00:00Z,9811.60525848536
639,2022-04-19T00:00:00Z,9890.269943913996
640,2022-04-20T00:00:00Z,9841.811057604184
641,2022-04-21T00:00:00Z,9858.228035432767
642,2022-04-22T00:00:00Z,9844.873523706892
643,2022-04-24T00:00:00Z,9844.873523706892
644,2022-04-25T00:00:00Z,9844.873523706892
645,2022-04-26T00:00:00Z,9844.873523706892
646,2022-04-27T00:00:00Z,9844.873523706892
647,2022-04-28T00:00:00Z,9844.873523706892
648,2022-04-29T00:00:00Z,9844.873523706892
649,2022-05-01T00:00:00Z,9844.873523706892
650,2022-05-02T00:00:00Z,9844.873523706892
651,2022-05-03T00:00:00Z,9844.873523706892
652,2022-05-04T00:00:00Z,9844.873523706892
653,2022-05-05T00:00:00Z,9844.873523706892
654,2022-05-06T00:00:00Z,9844.873523706892
655,2022-05-08T00:00:00Z,9844.873523706892
656,2022-05-09T00:00:00Z,9844.873523706892
657,2022-05-10T00:00:00Z,9844.873523706892
658,2022-05-11T00:00:00Z,9844.873523706892
659,2022-05-12T00:00:00Z,9844.873523706892
660,2022-05-13T00:00:00Z,9844.873523706892
661,2022-05-15T00:00:00Z,9844.873523706892
662,2022-05-16T00:00:00Z,9844.873523706892
663,2022-05-17T00:00:00Z,9844.873523706892
664,2022-05-18T00:00:00Z,9844.873523706892
665,2022-05-19T00:00:00Z,9844.873523706892
666,2022-05-20T00:00:00Z,9844.873523706892
667,2022-05-22T00:00:00Z,9844.873523706892
668,2022-05-23T00:00:00Z,9844.873523706892
669,2022-05-24T00:00:00Z,9844.873523706892
670,2022-05-25T00:00:00Z,9844.873523706892
671,2022-05-26T00:00:00Z,9844.873523706892
672,2022-05-27T00:00:00Z,9844.873523706892
673,2022-05-29T00:00:00Z,9844.873523706892
674,2022-05-30T00:00:00Z,9844.873523706892
675,2022-05-31T00:00:00Z,9844.873523706892
676,2022-06-01T00:00:00Z,9844.873523706892
677,2022-06-02T00:00:00Z,9844.873523706892
678,2022-06-03T00:00:00Z,9844.873523706892
679,2022-06-05T00:00:00Z,9844.873523706892
680,2022-06-06T00:00:00Z,9844.873523706892
681,2022-06-07T00:00:00Z,9853.861265161277
682,2022-06-08T00:00:00Z,9908.987159009694
683,2022-06-09T00:00:00Z,9906.760531718386
684,2022-06-10T00:00:00Z,9905.613481295592
685,2022-06-12T00:00:00Z,9920.086558689085
686,2022-06-13T00:00:00Z,9907.037166003798
687,2022-06-14T00:00:00Z,9907.037166003798
688,2022-06-15T00:00:00Z,9907.037166003798
689,2022-06-16T00:00:00Z,9907.037166003798
690,2022-06-17T00:00:00Z,9907.037166003798
691,2022-06-19T00:00:00Z,9907.037166003798
692,2022-06-20T00:00:00Z,9907.037166003798
693,2022-06-21T00:00:00Z,9907.037166003798
694,2022-06-22T00:00:00Z,9907.037166003798
695,2022-06-23T00:00:00Z,9907.037166003798
696,2022-06-24T00:00:00Z,9907.037166003798
697,2022-06-26T00:00:00Z,9907.037166003798
698,2022-06-27T00:00:00Z,9907.037166003798
699,2022-06-28T00:00:00Z,9907.037166003798
700,2022-06-29T00:00:00Z,9907.037166003798
701,2022-06-30T00:00:00Z,9907.037166003798
702,2022-07-01T00:00:00Z,9907.037166003798
703,2022-07-03T00:00:00Z,9907.037166003798
704,2022-07-04T00:00:00Z,9907.037166003798
705,2022-07-05T00:00:00Z,9907.037166003798
706,2022-07-06T00:00:00Z,9907.037166003798
707,2022-07-07T00:00:00Z,9907.037166003798
708,2022-07-08T00:00:00Z,9907.037166003798
709,2022-07-10T00:00:00Z,9907.037166003798
710,2022-07-11T00:00:00Z,9907.037166003798
711,2022-07-12T00:00:00Z,9907.037166003798
712,2022-07-13T00:00:00Z,9907.037166003798
713,2022-07-14T00:00:00Z,9907.037166003798
714,2022-07-15T00:00:00Z,9907.037166003798
715,2022-07-17T00:00:00Z,9907.037166003798
716,2022-07-18T00:00:00Z,9907.037166003798
717,2022-07-19T00:00:00Z,9907.037166003798
718,2022-07-20T00:00:00Z,9907.037166003798
719,2022-07-21T00:00:00Z,9907.037166003798
720,2022-07-22T00:00:00Z,9907.037166003798
721,2022-07-24T00:00:00Z,9907.037166003798
722,2022-07-25T00:00:00Z,9907.037166003798
723,2022-07-26T00:00:00Z,9907.037166003798
724,2022-07-27T00:00:00Z,9907.037166003798
725,2022-07-28T00:00:00Z,9907.037166003798
726,2022-07-29T00:00:00Z,9907.037166003798
727,2022-07-31T00:00:00Z,9907.037166003798
728,2022-08-01T00:00:00Z,9907.037166003798
729,2022-08-02T00:00:00Z,9907.037166003798
730,2022-08-03T00:00:00Z,9907.037166003798
731,2022-08-04T00:00:00Z,9907.037166003798
732,2022-08-05T00:00:00Z,9907.037166003798
733,2022-08-07T00:00:00Z,9907.037166003798
734,2022-08-08T00:00:00Z,9907.037166003798
735,2022-08-09T00:00:00Z,9907.037166003798
736,2022-08-10T00:00:00Z,9907.037166003798
737,2022-08-11T00:00:00Z,9907.037166003798
738,2022-08-12T00:00:00Z,9907.037166003798
739,2022-08-14T00:00:00Z,9907.037166003798
740,2022-08-15T00:00:00Z,9907.037166003798
741,2022-08-16T00:00:00Z,9907.037166003798
742,2022-08-17T00:00:00Z,9907.037166003798
743,2022-08-18T00:00:00Z,9907.037166003798
744,2022-08-19T00:00:00Z,9907.037166003798
745,2022-08-21T00:00:00Z,9907.037166003798
746,2022-08-22T00:00:00Z,9907.037166003798
747,2022-08-23T00:00:00Z,9907.037166003798
748,2022-08-24T00:00:00Z,9907.037166003798
749,2022-08-25T00:00:00Z,9907.037166003798
750,2022-08-26T00:00:00Z,9907.037166003798
751,2022-08-28T00:00:00Z,9907.037166003798
752,2022-08-29T00:00:00Z,9907.037166003798
753,2022-08-30T00:00:00Z,9907.037166003798
754,2022-08-31T00:00:00Z,9907.037166003798
755,2022-09-01T00:00:00Z,9907.037166003798
756,2022-09-02T00:00:00Z,9907.037166003798
757,2022-09-04T00:00:00Z,9907.037166003798
758,2022-09-05T00:00:00Z,9907.037166003798
759,2022-09-06T00:00:00Z,9907.037166003798
760,2022-09-07T00:00:00Z,9907.037166003798
761,2022-09-08T00:00:00Z,9907.037166003798
762,2022-09-09T00:00:00Z,9907.037166003798
763,2022-09-11T00:00:00Z,9907.037166003798
764,2022-09-12T00:00:00Z,9907.037166003798
765,2022-09-13T00:00:00Z,9907.037166003798
766,2022-09-14T00:00:00Z,9907.037166003798
767,2022-09-15T00:00:00Z,9907.037166003798
768,2022-09-16T00:00:00Z,9907.037166003798
769,2022-09-18T00:00:00Z,9907.037166003798
770,2022-09-19T00:00:00Z,9907.037166003798
771,2022-09-20T00:00:00Z,9907.037166003798
772,2022-09-21T00:00:00Z,9907.037166003798
773,2022-09-22T00:00:00Z,9907.037166003798
774,2022-09-23T00:00:00Z,9907.037166003798
775,2022-09-25T00:00:00Z,9907.037166003798
776,2022-09-26T00:00:00Z,9907.037166003798
777,2022-09-27T00:00:00Z,9907.037166003798
778,2022-09-28T00:00:00Z,9907.037166003798
779,2022-09-29T00:00:00Z,9907.037166003798
780,2022-09-30T00:00:00Z,9907.037166003798
781,2022-10-02T00:00:00Z,9907.037166003798
782,2022-10-03T00:00:00Z,9907.037166003798
783,2022-10-04T00:00:00Z,9907.037166003798
784,2022-10-05T00:00:00Z,9907.037166003798
785,2022-10-06T00:00:00Z,9907.037166003798
786,2022-10-07T00:00:00Z,9907.037166003798
787,2022-10-09T00:00:00Z,9907.037166003798
788,2022-10-10T00:00:00Z,9907.037166003798
789,2022-10-11T00:00:00Z,9907.037166003798
790,2022-10-12T00:00:00Z,9907.037166003798
791,2022-10-13T00:00:00Z,9907.037166003798
792,2022-10-14T00:00:00Z,9907.037166003798
793,2022-10-16T00:00:00Z,9892.385950626973
794,2022-10-17T00:00:00Z,9904.93836461472
795,2022-10-18T00:00:00Z,9914.098234281453
796,2022-10-19T00:00:00Z,9937.205230601237
797,2022-10-20T00:00:00Z,9950.285373705583
798,2022-10-21T00:00:00Z,9934.255513997292
799,2022-10-23T00:00:00Z,9934.255513997292
800,2022-10-24T00:00:00Z,9934.255513997292
801,2022-10-25T00:00:00Z,9934.255513997292
802,2022-10-26T00:00:00Z,9934.255513997292
803,2022-10-27T00:00:00Z,9934.255513997292
804,2022-10-28T00:00:00Z,9934.255513997292
805,2022-10-30T00:00:00Z,9934.255513997292
806,2022-10-31T00:00:00Z,9934.255513997292
807,2022-11-01T00:00:00Z,9934.255513997292
808,2022-11-02T00:00:00Z,9934.255513997292
809,2022-11-03T00:00:00Z,9934.255513997292
810,2022-11-04T00:00:00Z,9934.255513997292
811,2022-11-06T00:00:00Z,9934.255513997292
812,2022-11-07T00:00:00Z,9934.255513997292
813,2022-11-08T00:00:00Z,9934.255513997292
814,2022-11-09T00:00:00Z,9934.255513997292
815,2022-11-10T00:00:00Z,9934.255513997292
816,2022-11-11T00:00:00Z,9934.255513997292
817,2022-11-13T00:00:00Z,9934.255513997292
818,2022-11-14T00:00:00Z,9934.255513997292
819,2022-11-15T00:00:00Z,9934.255513997292
820,2022-11-16T00:00:00Z,9934.255513997292
821,2022-11-17T00:00:00Z,9934.255513997292
822,2022-11-18T00:00:00Z,9934.255513997292
823,2022-11-20T00:00:00Z,9934.255513997292
824,2022-11-21T00:00:00Z,9934.255513997292
825,2022-11-22T00:00:00Z,9934.255513997292
826,2022-11-23T00:00:00Z,9934.255513997292
827,2022-11-24T00:00:00Z,9934.255513997292
828,2022-11-25T00:00:00Z,9934.255513997292
829,2022-11-27T00:00:00Z,9934.255513997292
830,2022-11-28T00:00:00Z,9934.255513997292
831,2022-11-29T00:00:00Z,9934.255513997292
832,2022-11-30T00:00:00Z,9934.255513997292
833,2022-12-01T00:00:00Z,9934.255513997292
834,2022-12-02T00:00:00Z,9934.255513997292
835,2022-12-04T00:00:00Z,9934.255513997292
836,2022-12-05T00:00:00Z,9934.255513997292
837,2022-12-06T00:00:00Z,9934.255513997292
838,2022-12-07T00:00:00Z,9934.255513997292
839,2022-12-08T00:00:00Z,9934.255513997292
840,2022-12-09T00:00:00Z,9934.255513997292
841,2022-12-11T00:00:00Z,9934.255513997292
842,2022-12-12T00:00:00Z,9934.255513997292
843,2022-12-13T00:00:00Z,9934.255513997292
844,2022-12-14T00:00:00Z,9934.255513997292
845,2022-12-15T00:00:00Z,9934.255513997292
846,2022-12-16T00:00:00Z,9934.255513997292
847,2022-12-18T00:00:00Z,9934.255513997292
848,2022-12-19T00:00:00Z,9934.255513997292
849,2022-12-20T00:00:00Z,9934.255513997292
850,2022-12-21T00:00:00Z,9934.255513997292
851,2022-12-22T00:00:00Z,9934.255513997292
852,2022-12-23T00:00:00Z,9934.255513997292
853,2022-12-25T00:00:00Z,9934.255513997292
854,2022-12-26T00:00:00Z,9934.255513997292
855,2022-12-27T00:00:00Z,9934.255513997292
856,2022-12-28T00:00:00Z,9934.255513997292
857,2022-12-29T00:00:00Z,9934.255513997292
858,2022-12-30T00:00:00Z,9934.255513997292
859,2023-01-01T00:00:00Z,9934.255513997292
860,2023-01-02T00:00:00Z,9934.255513997292
861,2023-01-03T00:00:00Z,9934.255513997292
862,2023-01-04T00:00:00Z,9934.255513997292
863,2023-01-05T00:00:00Z,9934.255513997292
864,2023-01-06T00:00:00Z,9934.255513997292
865,2023-01-08T00:00:00Z,9934.255513997292
866,2023-01-09T00:00:00Z,9934.255513997292
867,2023-01-10T00:00:00Z,9934.255513997292
868,2023-01-11T00:00:00Z,9934.255513997292
869,2023-01-12T00:00:00Z,9934.255513997292
870,2023-01-13T00:00:00Z,9934.255513997292
871,2023-01-15T00:00:00Z,9934.255513997292
872,2023-01-16T00:00:00Z,9934.255513997292
873,2023-01-17T00:00:00Z,9934.255513997292
874,2023-01-18T00:00:00Z,9934.255513997292
875,2023-01-19T00:00:00Z,9934.255513997292
876,2023-01-20T00:00:00Z,9934.255513997292
877,2023-01-22T00:00:00Z,9934.255513997292
878,2023-01-23T00:00:00Z,9934.255513997292
879,2023-01-24T00:00:00Z,9934.255513997292
880,2023-01-25T00:00:00Z,9934.255513997292
881,2023-01-26T00:00:00Z,9934.255513997292
882,2023-01-27T00:00:00Z,9934.255513997292
883,2023-01-29T00:00:00Z,9934.255513997292
884,2023-01-30T00:00:00Z,9934.255513997292
885,2023-01-31T00:00:00Z,9934.255513997292
886,2023-02-01T00:00:00Z,9934.255513997292
887,2023-02-02T00:00:00Z,9934.255513997292
888,2023-02-03T00:00:00Z,9934.255513997292
889,2023-02-05T00:00:00Z,9934.255513997292
890,2023-02-06T00:00:00Z,9934.255513997292
891,2023-02-07T00:00:00Z,9934.255513997292
892,2023-02-08T00:00:00Z,9934.255513997292
893,2023-02-09T00:00:00Z,9934.255513997292
894,2023-02-10T00:00:00Z,9934.255513997292
895,2023-02-12T00:00:00Z,9934.255513997292
896,2023-02-13T00:00:00Z,9934.255513997292
897,2023-02-14T00:00:00Z,9934.255513997292
898,2023-02-15T00:00:00Z,9934.255513997292
899,2023-02-16T00:00:00Z,9934.255513997292
900,2023-02-17T00:00:00Z,9934.255513997292
901,2023-02-19T00:00:00Z,9934.255513997292
902,2023-02-20T00:00:00Z,9934.255513997292
903,2023-02-21T00:00:00Z,9934.255513997292
904,2023-02-22T00:00:00Z,9934.255513997292
905,2023-02-23T00:00:00Z,9934.255513997292
906,2023-02-24T00:00:00Z,9934.255513997292
907,2023-02-26T00:00:00Z,9934.255513997292
908,2023-02-27T00:00:00Z,9934.255513997292
909,2023-02-28T00:00:00Z,9934.255513997292
910,2023-03-01T00:00:00Z,9934.255513997292
911,2023-03-02T00:00:00Z,9934.255513997292
912,2023-03-03T00:00:00Z,9934.255513997292
913,2023-03-05T00:00:00Z,9934.255513997292
914,2023-03-06T00:00:00Z,9934.255513997292
915,2023-03-07T00:00:00Z,9934.255513997292
916,2023-03-08T00:00:00Z,9916.190302477084
917,2023-03-09T00:00:00Z,9880.12360935511
918,2023-03-10T00:00:00Z,9880.12360935511
919,2023-03-12T00:00:00Z,9880.12360935511
920,2023-03-13T00:00:00Z,9880.12360935511
921,2023-03-14T00:00:00Z,9880.12360935511
922,2023-03-15T00:00:00Z,9880.12360935511
923,2023-03-16T00:00:00Z,9880.12360935511
924,2023-03-17T00:00:00Z,9880.12360935511
925,2023-03-19T00:00:00Z,9880.12360935511
926,2023-03-20T00:00:00Z,9880.12360935511
927,2023-03-21T00:00:00Z,9880.12360935511
928,2023-03-22T00:00:00Z,9880.12360935511
929,2023-03-23T00:00:00Z,9880.12360935511
930,2023-03-24T00:00:00Z,9880.12360935511
931,2023-03-26T00:00:00Z,9880.12360935511
932,2023-03-27T00:00:00Z,9880.12360935511
933,2023-03-28T00:00:00Z,9880.12360935511
934,2023-03-29T00:00:00Z,9880.12360935511
935,2023-03-30T00:00:00Z,9880.12360935511
936,2023-03-31T00:00:00Z,9880.12360935511
937,2023-04-02T00:00:00Z,9880.12360935511
938,2023-04-03T00:00:00Z,9880.12360935511
939,2023-04-04T00:00:00Z,9880.12360935511
940,2023-04-05T00:00:00Z,9880.12360935511
941,2023-04-06T00:00:00Z,9880.12360935511
942,2023-04-07T00:00:00Z,9880.12360935511
943,2023-04-09T00:00:00Z,9880.12360935511
944,2023-04-10T00:00:00Z,9880.12360935511
945,2023-04-11T00:00:00Z,9880.12360935511
946,2023-04-12T00:00:00Z,9880.12360935511
947,2023-04-13T00:00:00Z,9880.12360935511
948,2023-04-14T00:00:00Z,9880.12360935511
949,2023-04-16T00:00:00Z,9880.12360935511
950,2023-04-17T00:00:00Z,9880.12360935511
951,2023-04-18T00:00:00Z,9880.12360935511
952,2023-04-19T00:00:00Z,9880.12360935511
953,2023-04-20T00:00:00Z,9880.12360935511
954,2023-04-21T00:00:00Z,9880.12360935511
955,2023-04-23T00:00:00Z,9880.12360935511
956,2023-04-24T00:00:00Z,9880.12360935511
957,2023-04-25T00:00:00Z,9880.12360935511
958,2023-04-26T00:00:00Z,9880.12360935511
959,2023-04-27T00:00:00Z,9880.12360935511
960,2023-04-28T00:00:00Z,9880.12360935511
961,2023-04-30T00:00:00Z,9880.12360935511
962,2023-05-01T00:00:00Z,9880.12360935511
963,2023-05-02T00:00:00Z,9880.12360935511
964,2023-05-03T00:00:00Z,9880.12360935511
965,2023-05-04T00:00:00Z,9880.12360935511
966,2023-05-05T00:00:00Z,9880.12360935511
967,2023-05-07T00:00:00Z,9880.12360935511
968,2023-05-08T00:00:00Z,9880.12360935511
969,2023-05-09T00:00:00Z,9880.12360935511
970,2023-05-10T00:00:00Z,9880.12360935511
971,2023-05-11T00:00:00Z,9880.12360935511
972,2023-05-12T00:00:00Z,9880.12360935511
973,2023-05-14T00:00:00Z,9880.12360935511
974,2023-05-15T00:00:00Z,9880.12360935511
975,2023-05-16T00:00:00Z,9880.12360935511
976,2023-05-17T00:00:00Z,9880.12360935511
977,2023-05-18T00:00:00Z,9880.12360935511
978,2023-05-19T00:00:00Z,9880.12360935511
979,2023-05-21T00:00:00Z,9880.12360935511
980,2023-05-22T00:00:00Z,9880.12360935511
981,2023-05-23T00:00:00Z,9880.12360935511
982,2023-05-24T00:00:00Z,9880.12360935511
983,2023-05-25T00:00:00Z,9890.913768675226
984,2023-05-26T00:00:00Z,9907.964012570363
985,2023-05-28T00:00:00Z,9918.929532022006
986,2023-05-29T00:00:00Z,9905.523615066288
987,2023-05-30T00:00:00Z,9883.46242162945
988,2023-05-31T00:00:00Z,9870.43687446492
989,2023-06-01T00:00:00Z,9870.43687446492
990,2023-06-02T00:00:00Z,9870.43687446492
991,2023-06-04T00:00:00Z,9870.43687446492
992,2023-06-05T00:00:00Z,9870.43687446492
993,2023-06-06T00:00:00Z,9870.43687446492
994,2023-06-07T00:00:00Z,9870.43687446492
995,2023-06-08T00:00:00Z,9870.43687446492
996,2023-06-09T00:00:00Z,9870.43687446492
997,2023-06-11T00:00:00Z,9870.43687446492
998,2023-06-12T00:00:00Z,9870.43687446492
999,2023-06-13T00:00:00Z,9870.43687446492
1000,2023-06-14T00:00:00Z,9870.43687446492
1001,2023-06-15T00:00:00Z,9870.43687446492
1002,2023-06-16T00:00:00Z,9870.43687446492
1003,2023-06-18T00:00:00Z,9870.43687446492
1004,2023-06-19T00:00:00Z,9870.43687446492
1005,2023-06-20T00:00:00Z,9870.43687446492
1006,2023-06-21T00:00:00Z,9870.43687446492
1007,2023-06-22T00:00:00Z,9870.43687446492
1008,2023-06-23T00:00:00Z,9876.424469114578
1009,2023-06-25T00:00:00Z,9873.638332477003
1010,2023-06-26T00:00:00Z,9871.25915961795
1011,2023-06-27T00:00:00Z,9884.25069562462
1012,2023-06-28T00:00:00Z,9900.278807517187
1013,2023-06-29T00:00:00Z,9887.418811188243
1014,2023-06-30T00:00:00Z,9855.017678622533
1015,2023-07-02T00:00:00Z,9860.41704919553
1016,2023-07-03T00:00:00Z,9867.149597687787
1017,2023-07-04T00:00:00Z,9860.783673123327
1018,2023-07-05T00:00:00Z,9863.78332344166
1019,2023-07-06T00:00:00Z,9850.115983200147
1020,2023-07-07T00:00:00Z,9850.115983200147
1021,2023-07-09T00:00:00Z,9850.115983200147
1022,2023-07-10T00:00:00Z,9850.115983200147
1023,2023-07-11T00:00:00Z,9850.115983200147
1024,2023-07-12T00:00:00Z,9850.115983200147
1025,2023-07-13T00:00:00Z,9850.115983200147
1026,2023-07-14T00:00:00Z,9850.115983200147
1027,2023-07-16T00:00:00Z,9850.115983200147
1028,2023-07-17T00:00:00Z,9850.115983200147
1029,2023-07-18T00:00:00Z,9850.115983200147
1030,2023-07-19T00:00:00Z,9850.115983200147
1031,2023-07-20T00:00:00Z,9850.115983200147
1032,2023-07-21T00:00:00Z,9850.115983200147
1033,2023-07-23T00:00:00Z,9850.115983200147
1034,2023-07-24T00:00:00Z,9850.115983200147
1035,2023-07-25T00:00:00Z,9850.115983200147
1036,2023-07-26T00:00:00Z,9850.115983200147
1037,2023-07-27T00:00:00Z,9850.115983200147
1038,2023-07-28T00:00:00Z,9850.115983200147
1039,2023-07-30T00:00:00Z,9850.115983200147
1040,2023-07-31T00:00:00Z,9850.115983200147
1041,2023-08-01T00:00:00Z,9850.115983200147
1042,2023-08-02T00:00:00Z,9850.115983200147
1043,2023-08-03T00:00:00Z,9850.115983200147
1044,2023-08-04T00:00:00Z,9850.115983200147
1045,2023-08-06T00:00:00Z,9850.115983200147
1046,2023-08-07T00:00:00Z,9850.115983200147
1047,2023-08-08T00:00:00Z,9850.115983200147
1048,2023-08-09T00:00:00Z,9850.115983200147
1049,2023-08-10T00:00:00Z,9850.115983200147
1050,2023-08-11T00:00:00Z,9850.115983200147
1051,2023-08-13T00:00:00Z,9850.115983200147
1052,2023-08-14T00:00:00Z,9850.115983200147
1053,2023-08-15T00:00:00Z,9850.115983200147
1054,2023-08-16T00:00:00Z,9850.115983200147
1055,2023-08-17T00:00:00Z,9815.790932679178
1056,2023-08-18T00:00:00Z,9796.04442075624
1057,2023-08-20T00:00:00Z,9796.04442075624
1058,2023-08-21T00:00:00Z,9796.04442075624
1059,2023-08-22T00:00:00Z,9796.04442075624
1060,2023-08-23T00:00:00Z,9796.04442075624
1061,2023-08-24T00:00:00Z,9796.04442075624
1062,2023-08-25T00:00:00Z,9796.04442075624
1063,2023-08-27T00:00:00Z,9796.04442075624
1064,2023-08-28T00:00:00Z,9796.04442075624
1065,2023-08-29T00:00:00Z,9796.04442075624
1066,2023-08-30T00:00:00Z,9796.04442075624
1067,2023-08-31T00:00:00Z,9796.04442075624
1068,2023-09-01T00:00:00Z,9796.04442075624
1069,2023-09-03T00:00:00Z,9796.04442075624
1070,2023-09-04T00:00:00Z,9796.04442075624
1071,2023-09-05T00:00:00Z,9796.04442075624
1072,2023-09-06T00:00:00Z,9790.756229664681
1073,2023-09-07T00:00:00Z,9778.337261902214
1074,2023-09-08T00:00:00Z,9792.324941382047
1075,2023-09-10T00:00:00Z,9771.572192621079
1076,2023-09-11T00:00:00Z,9742.258366875127
1077,2023-09-12T00:00:00Z,9742.258366875127
1078,2023-09-13T00:00:00Z,9742.258366875127
1079,2023-09-14T00:00:00Z,9742.258366875127
1080,2023-09-15T00:00:00Z,9742.258366875127
1081,2023-09-17T00:00:00Z,9742.258366875127
1082,2023-09-18T00:00:00Z,9742.258366875127
1083,2023-09-19T00:00:00Z,9742.258366875127
1084,2023-09-20T00:00:00Z,9742.258366875127
1085,2023-09-21T00:00:00Z,9742.258366875127
1086,2023-09-22T00:00:00Z,9742.258366875127
1087,2023-09-24T00:00:00Z,9742.258366875127
1088,2023-09-25T00:00:00Z,9742.258366875127
1089,2023-09-26T00:00:00Z,9742.258366875127
1090,2023-09-27T00:00:00Z,9742.258366875127
1091,2023-09-28T00:00:00Z,9742.258366875127
1092,2023-09-29T00:00:00Z,9742.258366875127
1093,2023-10-01T00:00:00Z,9742.258366875127
1094,2023-10-02T00:00:00Z,9742.258366875127
1095,2023-10-03T00:00:00Z,9685.286740664433
1096,2023-10-04T00:00:00Z,9685.286740664433
1097,2023-10-05T00:00:00Z,9685.286740664433
1098,2023-10-06T00:00:00Z,9685.286740664433
1099,2023-10-08T00:00:00Z,9685.286740664433
1100,2023-10-09T00:00:00Z,9685.286740664433
1101,2023-10-10T00:00:00Z,9685.286740664433
1102,2023-10-11T00:00:00Z,9685.286740664433
1103,2023-10-12T00:00:00Z,9685.286740664433
1104,2023-10-13T00:00:00Z,9685.286740664433
1105,2023-10-15T00:00:00Z,9685.286740664433
1106,2023-10-16T00:00:00Z,9685.286740664433
1107,2023-10-17T00:00:00Z,9685.286740664433
1108,2023-10-18T00:00:00Z,9685.286740664433
1109,2023-10-19T00:00:00Z,9685.286740664433
1110,2023-10-20T00:00:00Z,9685.286740664433
1111,2023-10-22T00:00:00Z,9685.286740664433
1112,2023-10-23T00:00:00Z,9685.286740664433
1113,2023-10-24T00:00:00Z,9685.286740664433
1114,2023-10-25T00:00:00Z,9685.286740664433
1115,2023-10-26T00:00:00Z,9685.286740664433
1116,2023-10-27T00:00:00Z,9685.286740664433
1117,2023-10-29T00:00:00Z,9685.286740664433
1118,2023-10-30T00:00:00Z,9685.286740664433
1119,2023-10-31T00:00:00Z,9685.286740664433
1120,2023-11-01T00:00:00Z,9685.286740664433
1121,2023-11-02T00:00:00Z,9685.286740664433
1122,2023-11-03T00:00:00Z,9685.286740664433
1123,2023-11-05T00:00:00Z,9685.286740664433
1124,2023-11-06T00:00:00Z,9685.286740664433
1125,2023-11-07T00:00:00Z,9685.286740664433
1126,2023-11-08T00:00:00Z,9685.286740664433
1127,2023-11-09T00:00:00Z,9685.286740664433
1128,2023-11-10T00:00:00Z,9685.286740664433
1129,2023-11-12T00:00:00Z,9685.286740664433
1130,2023-11-13T00:00:00Z,9685.286740664433
1131,2023-11-14T00:00:00Z,9685.286740664433
1132,2023-11-15T00:00:00Z,9685.286740664433
1133,2023-11-16T00:00:00Z,9685.286740664433
1134,2023-11-17T00:00:00Z,9685.286740664433
1135,2023-11-19T00:00:00Z,9685.286740664433
1136,2023-11-20T00:00:00Z,9685.286740664433
1137,2023-11-21T00:00:00Z,9685.286740664433
1138,2023-11-22T00:00:00Z,9685.286740664433
1139,2023-11-23T00:00:00Z,9685.286740664433
1140,2023-11-24T00:00:00Z,9685.286740664433
1141,2023-11-26T00:00:00Z,9685.286740664433
1142,2023-11-27T00:00:00Z,9685.286740664433
1143,2023-11-28T00:00:00Z,9685.286740664433
1144,2023-11-29T00:00:00Z,9685.286740664433
1145,2023-11-30T00:00:00Z,9685.286740664433
1146,2023-12-01T00:00:00Z,9685.286740664433
1147,2023-12-03T00:00:00Z,9685.286740664433
1148,2023-12-04T00:00:00Z,9685.286740664433
1149,2023-12-05T00:00:00Z,9685.286740664433
1150,2023-12-06T00:00:00Z,9685.286740664433
1151,2023-12-07T00:00:00Z,9685.286740664433
1152,2023-12-08T00:00:00Z,9685.286740664433
1153,2023-12-10T00:00:00Z,9685.286740664433
1154,2023-12-11T00:00:00Z,9685.286740664433
1155,2023-12-12T00:00:00Z,9685.286740664433
1156,2023-12-13T00:00:00Z,9685.286740664433
1157,2023-12-14T00:00:00Z,9685.286740664433
1158,2023-12-15T00:00:00Z,9685.286740664433
1159,2023-12-17T00:00:00Z,9685.286740664433
1160,2023-12-18T00:00:00Z,9685.286740664433
1161,2023-12-19T00:00:00Z,9685.286740664433
1162,2023-12-20T00:00:00Z,9685.286740664433
1163,2023-12-21T00:00:00Z,9685.286740664433
1164,2023-12-22T00:00:00Z,9685.286740664433
1165,2023-12-25T00:00:00Z,9685.286740664433
1166,2023-12-26T00:00:00Z,9685.286740664433
1167,2023-12-27T00:00:00Z,9685.286740664433
1168,2023-12-28T00:00:00Z,9685.286740664433
1169,2023-12-29T00:00:00Z,9685.286740664433
1170,2024-01-01T00:00:00Z,9685.286740664433
1171,2024-01-02T00:00:00Z,9685.286740664433
1172,2024-01-03T00:00:00Z,9685.286740664433
1173,2024-01-04T00:00:00Z,9685.286740664433
1174,2024-01-05T00:00:00Z,9685.286740664433
1175,2024-01-07T00:00:00Z,9685.286740664433
1176,2024-01-08T00:00:00Z,9685.286740664433
1177,2024-01-09T00:00:00Z,9685.286740664433
1178,2024-01-10T00:00:00Z,9685.286740664433
1179,2024-01-11T00:00:00Z,9685.286740664433
1180,2024-01-12T00:00:00Z,9685.286740664433
1181,2024-01-14T00:00:00Z,9685.286740664433
1182,2024-01-15T00:00:00Z,9685.286740664433
1183,2024-01-16T00:00:00Z,9685.286740664433
1184,2024-01-17T00:00:00Z,9685.286740664433
1185,2024-01-18T00:00:00Z,9685.286740664433
1186,2024-01-19T00:00:00Z,9685.286740664433
1187,2024-01-21T00:00:00Z,9685.286740664433
1188,2024-01-22T00:00:00Z,9685.286740664433
1189,2024-01-23T00:00:00Z,9685.286740664433
1190,2024-01-24T00:00:00Z,9685.286740664433
1191,2024-01-25T00:00:00Z,9685.286740664433
1192,2024-01-26T00:00:00Z,9685.286740664433
1193,2024-01-28T00:00:00Z,9685.286740664433
1194,2024-01-29T00:00:00Z,9685.286740664433
1195,2024-01-30T00:00:00Z,9685.286740664433
1196,2024-01-31T00:00:00Z,9685.286740664433
1197,2024-02-01T00:00:00Z,9685.286740664433
1198,2024-02-02T00:00:00Z,9685.286740664433
1199,2024-02-04T00:00:00Z,9685.286740664433
1200,2024-02-05T00:00:00Z,9685.286740664433
1201,2024-02-06T00:00:00Z,9685.286740664433
1202,2024-02-07T00:00:00Z,9685.286740664433
1203,2024-02-08T00:00:00Z,9685.286740664433
1204,2024-02-09T00:00:00Z,9685.286740664433
1205,2024-02-11T00:00:00Z,9685.286740664433
1206,2024-02-12T00:00:00Z,9685.286740664433
1207,2024-02-13T00:00:00Z,9685.286740664433
1208,2024-02-14T00:00:00Z,9685.286740664433
1209,2024-02-15T00:00:00Z,9685.286740664433
1210,2024-02-16T00:00:00Z,9685.286740664433
1211,2024-02-18T00:00:00Z,9685.286740664433
1212,2024-02-19T00:00:00Z,9685.286740664433
1213,2024-02-20T00:00:00Z,9685.286740664433
1214,2024-02-21T00:00:00Z,9685.286740664433
1215,2024-02-22T00:00:00Z,9685.286740664433
1216,2024-02-23T00:00:00Z,9685.286740664433
1217,2024-02-25T00:00:00Z,9685.286740664433
1218,2024-02-26T00:00:00Z,9685.286740664433
1219,2024-02-27T00:00:00Z,9685.286740664433
1220,2024-02-28T00:00:00Z,9685.286740664433
1221,2024-02-29T00:00:00Z,9685.286740664433
1222,2024-03-01T00:00:00Z,9685.286740664433
1223,2024-03-03T00:00:00Z,9685.286740664433
1224,2024-03-04T00:00:00Z,9685.286740664433
1225,2024-03-05T00:00:00Z,9685.286740664433
1226,2024-03-06T00:00:00Z,9685.286740664433
1227,2024-03-07T00:00:00Z,9685.286740664433
1228,2024-03-08T00:00:00Z,9685.286740664433
1229,2024-03-10T00:00:00Z,9685.286740664433
1230,2024-03-11T00:00:00Z,9685.286740664433
1231,2024-03-12T00:00:00Z,9685.286740664433
1232,2024-03-13T00:00:00Z,9685.286740664433
1233,2024-03-14T00:00:00Z,9685.286740664433
1234,2024-03-15T00:00:00Z,9685.286740664433
1235,2024-03-17T00:00:00Z,9685.286740664433
1236,2024-03-18T00:00:00Z,9685.286740664433
1237,2024-03-19T00:00:00Z,9685.286740664433
1238,2024-03-20T00:00:00Z,9685.286740664433
1239,2024-03-21T00:00:00Z,9685.286740664433
1240,2024-03-22T00:00:00Z,9685.286740664433
1241,2024-03-24T00:00:00Z,9685.286740664433
1242,2024-03-25T00:00:00Z,9685.286740664433
1243,2024-03-26T00:00:00Z,9685.286740664433
1244,2024-03-27T00:00:00Z,9685.286740664433
1245,2024-03-28T00:00:00Z,9685.286740664433
1246,2024-03-29T00:00:00Z,9685.286740664433
1247,2024-03-31T00:00:00Z,9685.286740664433
1248,2024-04-01T00:00:00Z,9685.286740664433
1249,2024-04-02T00:00:00Z,9685.286740664433
1250,2024-04-03T00:00:00Z,9685.286740664433
1251,2024-04-04T00:00:00Z,9685.286740664433
1252,2024-04-05T00:00:00Z,9685.286740664433
1253,2024-04-07T00:00:00Z,9685.286740664433
1254,2024-04-08T00:00:00Z,9685.286740664433
1255,2024-04-09T00:00:00Z,9685.286740664433
1256,2024-04-10T00:00:00Z,9685.286740664433
1257,2024-04-11T00:00:00Z,9672.962657463111
1258,2024-04-12T00:00:00Z,9675.33774967487
1259,2024-04-14T00:00:00Z,9679.672292961328
1260,2024-04-15T00:00:00Z,9733.408754252368
1261,2024-04-16T00:00:00Z,9762.32550193053
1262,2024-04-17T00:00:00Z,9735.513958382735
1263,2024-04-18T00:00:00Z,9735.513958382735
1264,2024-04-19T00:00:00Z,9735.513958382735
1265,2024-04-21T00:00:00Z,9735.513958382735
1266,2024-04-22T00:00:00Z,9735.513958382735
1267,2024-04-23T00:00:00Z,9709.73817368221
1268,2024-04-24T00:00:00Z,9735.703832538287
1269,2024-04-25T00:00:00Z,9753.364482974115
1270,2024-04-26T00:00:00Z,9890.247031394587
1271,2024-04-28T00:00:00Z,9882.492354857608
1272,2024-04-29T00:00:00Z,9859.413471701135
1273,2024-04-30T00:00:00Z,9859.413471701135
1274,2024-05-01T00:00:00Z,9859.413471701135
1275,2024-05-02T00:00:00Z,9859.413471701135
1276,2024-05-03T00:00:00Z,9859.413471701135
1277,2024-05-05T00:00:00Z,9859.413471701135
1278,2024-05-06T00:00:00Z,9859.413471701135
1279,2024-05-07T00:00:00Z,9859.413471701135
1280,2024-05-08T00:00:00Z,9859.413471701135
1281,2024-05-09T00:00:00Z,9859.413471701135
1282,2024-05-10T00:00:00Z,9859.413471701135
1283,2024-05-12T00:00:00Z,9859.413471701135
1284,2024-05-13T00:00:00Z,9859.413471701135
1285,2024-05-14T00:00:00Z,9859.413471701135
1286,2024-05-15T00:00:00Z,9859.413471701135
1287,2024-05-16T00:00:00Z,9859.413471701135
1288,2024-05-17T00:00:00Z,9859.413471701135
1289,2024-05-19T00:00:00Z,9859.413471701135
1290,2024-05-20T00:00:00Z,9859.413471701135
1291,2024-05-21T00:00:00Z,9859.413471701135
1292,2024-05-22T00:00:00Z,9859.413471701135
1293,2024-05-23T00:00:00Z,9859.413471701135
1294,2024-05-24T00:00:00Z,9859.413471701135
1295,2024-05-26T00:00:00Z,9859.413471701135
1296,2024-05-27T00:00:00Z,9859.413471701135
1297,2024-05-28T00:00:00Z,9859.413471701135
1298,2024-05-29T00:00:00Z,9859.413471701135
1299,2024-05-30T00:00:00Z,9859.413471701135
1300,2024-05-31T00:00:00Z,9859.413471701135
1301,2024-06-02T00:00:00Z,9859.413471701135
1302,2024-06-03T00:00:00Z,9859.413471701135
1303,2024-06-04T00:00:00Z,9859.413471701135
1304,2024-06-05T00:00:00Z,9859.413471701135
1305,2024-06-06T00:00:00Z,9859.413471701135
1306,2024-06-07T00:00:00Z,9859.413471701135
1307,2024-06-09T00:00:00Z,9859.413471701135
1308,2024-06-10T00:00:00Z,9859.413471701135
1309,2024-06-11T00:00:00Z,9859.413471701135
1310,2024-06-12T00:00:00Z,9859.413471701135
1311,2024-06-13T00:00:00Z,9859.413471701135
1312,2024-06-14T00:00:00Z,9859.413471701135
1313,2024-06-16T00:00:00Z,9859.413471701135
1314,2024-06-17T00:00:00Z,9859.413471701135
1315,2024-06-18T00:00:00Z,9859.413471701135
1316,2024-06-19T00:00:00Z,9859.413471701135
1317,2024-06-20T00:00:00Z,9859.413471701135
1318,2024-06-21T00:00:00Z,9859.413471701135
1319,2024-06-23T00:00:00Z,9859.413471701135
1320,2024-06-24T00:00:00Z,9859.413471701135
1321,2024-06-25T00:00:00Z,9859.413471701135
1322,2024-06-26T00:00:00Z,9859.413471701135
1323,2024-06-27T00:00:00Z,9859.413471701135
1324,2024-06-28T00:00:00Z,9859.413471701135
1325,2024-06-30T00:00:00Z,9859.413471701135
1326,2024-07-01T00:00:00Z,9859.413471701135
1327,2024-07-02T00:00:00Z,9859.413471701135
1328,2024-07-03T00:00:00Z,9859.413471701135
1329,2024-07-04T00:00:00Z,9859.413471701135
1330,2024-07-05T00:00:00Z,9859.413471701135
1331,2024-07-07T00:00:00Z,9859.413471701135
1332,2024-07-08T00:00:00Z,9859.413471701135
1333,2024-07-09T00:00:00Z,9859.413471701135
1334,2024-07-10T00:00:00Z,9859.413471701135
1335,2024-07-11T00:00:00Z,9859.413471701135
1336,2024-07-12T00:00:00Z,9859.413471701135
1337,2024-07-14T00:00:00Z,9859.413471701135
1338,2024-07-15T00:00:00Z,9859.413471701135
1339,2024-07-16T00:00:00Z,9859.413471701135
1340,2024-07-17T00:00:00Z,9859.413471701135
1341,2024-07-18T00:00:00Z,9859.413471701135
1342,2024-07-19T00:00:00Z,9859.413471701135
1343,2024-07-21T00:00:00Z,9859.413471701135
1344,2024-07-22T00:00:00Z,9859.413471701135
1345,2024-07-23T00:00:00Z,9859.413471701135
1346,2024-07-24T00:00:00Z,9859.413471701135
1347,2024-07-25T00:00:00Z,9859.413471701135
1348,2024-07-26T00:00:00Z,9859.413471701135
1349,2024-07-28T00:00:00Z,9859.413471701135
1350,2024-07-29T00:00:00Z,9859.413471701135
1351,2024-07-30T00:00:00Z,9859.413471701135
1352,2024-07-31T00:00:00Z,9859.413471701135
1353,2024-08-01T00:00:00Z,9859.413471701135
1354,2024-08-02T00:00:00Z,9859.413471701135
1355,2024-08-04T00:00:00Z,9859.413471701135
1356,2024-08-05T00:00:00Z,9859.413471701135
1357,2024-08-06T00:00:00Z,9859.413471701135
1358,2024-08-07T00:00:00Z,9859.413471701135
1359,2024-08-08T00:00:00Z,9859.413471701135
1360,2024-08-09T00:00:00Z,9859.413471701135
1361,2024-08-11T00:00:00Z,9859.413471701135
1362,2024-08-12T00:00:00Z,9859.413471701135
1363,2024-08-13T00:00:00Z,9859.413471701135
1364,2024-08-14T00:00:00Z,9859.413471701135
1365,2024-08-15T00:00:00Z,9859.413471701135
1366,2024-08-16T00:00:00Z,9859.413471701135
1367,2024-08-18T00:00:00Z,9859.413471701135
1368,2024-08-19T00:00:00Z,9859.413471701135
1369,2024-08-20T00:00:00Z,9859.413471701135
1370,2024-08-21T00:00:00Z,9859.413471701135
1371,2024-08-22T00:00:00Z,9859.413471701135
1372,2024-08-23T00:00:00Z,9859.413471701135
1373,2024-08-25T00:00:00Z,9859.413471701135
1374,2024-08-26T00:00:00Z,9859.413471701135
1375,2024-08-27T00:00:00Z,9859.413471701135
1376,2024-08-28T00:00:00Z,9859.413471701135
1377,2024-08-29T00:00:00Z,9859.413471701135
1378,2024-08-30T00:00:00Z,9859.413471701135
1379,2024-09-01T00:00:00Z,9859.413471701135
1380,2024-09-02T00:00:00Z,9859.413471701135
1381,2024-09-03T00:00:00Z,9859.413471701135
1382,2024-09-04T00:00:00Z,9859.413471701135
1383,2024-09-05T00:00:00Z,9859.413471701135
1384,2024-09-06T00:00:00Z,9859.413471701135
1385,2024-09-08T00:00:00Z,9859.413471701135
1386,2024-09-09T00:00:00Z,9859.413471701135
1387,2024-09-10T00:00:00Z,9859.413471701135
1388,2024-09-11T00:00:00Z,9859.413471701135
1389,2024-09-12T00:00:00Z,9859.413471701135
1390,2024-09-13T00:00:00Z,9859.413471701135
1391,2024-09-15T00:00:00Z,9859.413471701135
1392,2024-09-16T00:00:00Z,9859.413471701135
1393,2024-09-17T00:00:00Z,9859.413471701135
1394,2024-09-18T00:00:00Z,9859.413471701135
1395,2024-09-19T00:00:00Z,9859.413471701135
1396,2024-09-20T00:00:00Z,9859.413471701135
1397,2024-09-22T00:00:00Z,9859.413471701135
1398,2024-09-23T00:00:00Z,9859.413471701135
1399,2024-09-24T00:00:00Z,9859.413471701135
1400,2024-09-25T00:00:00Z,9859.413471701135
1401,2024-09-26T00:00:00Z,9859.413471701135
1402,2024-09-27T00:00:00Z,9859.413471701135
1403,2024-09-29T00:00:00Z,9859.413471701135
1404,2024-09-30T00:00:00Z,9859.413471701135
1405,2024-10-01T00:00:00Z,9859.413471701135
1406,2024-10-02T00:00:00Z,9859.413471701135
1407,2024-10-03T00:00:00Z,9859.413471701135
1408,2024-10-04T00:00:00Z,9859.413471701135
1409,2024-10-06T00:00:00Z,9859.413471701135
1410,2024-10-07T00:00:00Z,9859.413471701135
1411,2024-10-08T00:00:00Z,9859.413471701135
1412,2024-10-09T00:00:00Z,9859.413471701135
1413,2024-10-10T00:00:00Z,9859.413471701135
1414,2024-10-11T00:00:00Z,9859.413471701135
1415,2024-10-13T00:00:00Z,9859.413471701135
1416,2024-10-14T00:00:00Z,9859.413471701135
1417,2024-10-15T00:00:00Z,9859.413471701135
1418,2024-10-16T00:00:00Z,9859.413471701135
1419,2024-10-17T00:00:00Z,9859.413471701135
1420,2024-10-18T00:00:00Z,9859.413471701135
1421,2024-10-20T00:00:00Z,9859.413471701135
1422,2024-10-21T00:00:00Z,9859.413471701135
1423,2024-10-22T00:00:00Z,9859.413471701135
1424,2024-10-23T00:00:00Z,9859.413471701135
1425,2024-10-24T00:00:00Z,9859.413471701135
1426,2024-10-25T00:00:00Z,9859.413471701135
1427,2024-10-27T00:00:00Z,9859.413471701135
1428,2024-10-28T00:00:00Z,9859.413471701135
1429,2024-10-29T00:00:00Z,9859.413471701135
1430,2024-10-30T00:00:00Z,9859.413471701135
1431,2024-10-31T00:00:00Z,9859.413471701135
1432,2024-11-01T00:00:00Z,9859.413471701135
1433,2024-11-03T00:00:00Z,9859.413471701135
1434,2024-11-04T00:00:00Z,9859.413471701135
1435,2024-11-05T00:00:00Z,9859.413471701135
1436,2024-11-06T00:00:00Z,9859.413471701135
1437,2024-11-07T00:00:00Z,9859.413471701135
1438,2024-11-08T00:00:00Z,9859.413471701135
1439,2024-11-10T00:00:00Z,9859.413471701135
1440,2024-11-11T00:00:00Z,9859.413471701135
1441,2024-11-12T00:00:00Z,9859.413471701135
1442,2024-11-13T00:00:00Z,9859.413471701135
1443,2024-11-14T00:00:00Z,9859.413471701135
1444,2024-11-15T00:00:00Z,9859.413471701135
1445,2024-11-17T00:00:00Z,9859.413471701135
1446,2024-11-18T00:00:00Z,9859.413471701135
1447,2024-11-19T00:00:00Z,9859.413471701135
1448,2024-11-20T00:00:00Z,9859.413471701135
1449,2024-11-21T00:00:00Z,9859.413471701135
1450,2024-11-22T00:00:00Z,9859.413471701135
1451,2024-11-24T00:00:00Z,9859.413471701135
1452,2024-11-25T00:00:00Z,9859.413471701135
1453,2024-11-26T00:00:00Z,9859.413471701135
1454,2024-11-27T00:00:00Z,9859.413471701135
1455,2024-11-28T00:00:00Z,9859.413471701135
1456,2024-11-29T00:00:00Z,9859.413471701135
1457,2024-12-01T00:00:00Z,9859.413471701135
1458,2024-12-02T00:00:00Z,9859.413471701135
1459,2024-12-03T00:00:00Z,9859.413471701135
1460,2024-12-04T00:00:00Z,9859.413471701135
1461,2024-12-05T00:00:00Z,9859.413471701135
1462,2024-12-06T00:00:00Z,9859.413471701135
1463,2024-12-08T00:00:00Z,9859.413471701135
1464,2024-12-09T00:00:00Z,9859.413471701135
1465,2024-12-10T00:00:00Z,9859.413471701135
1466,2024-12-11T00:00:00Z,9859.413471701135
1467,2024-12-12T00:00:00Z,9859.413471701135
1468,2024-12-13T00:00:00Z,9859.413471701135
1469,2024-12-15T00:00:00Z,9859.413471701135
1470,2024-12-16T00:00:00Z,9859.413471701135
1471,2024-12-17T00:00:00Z,9859.413471701135
1472,2024-12-18T00:00:00Z,9859.413471701135
1473,2024-12-19T00:00:00Z,9859.413471701135
1474,2024-12-20T00:00:00Z,9859.413471701135
1475,2024-12-22T00:00:00Z,9859.413471701135
1476,2024-12-23T00:00:00Z,9859.413471701135
1477,2024-12-24T00:00:00Z,9859.413471701135
1478,2024-12-25T00:00:00Z,9859.413471701135
1479,2024-12-26T00:00:00Z,9859.413471701135
1480,2024-12-27T00:00:00Z,9859.413471701135
1481,2024-12-29T00:00:00Z,9859.413471701135
1482,2024-12-30T00:00:00Z,9859.413471701135
1483,2024-12-31T00:00:00Z,9859.413471701135
1484,2025-01-01T00:00:00Z,9859.413471701135
1485,2025-01-02T00:00:00Z,9859.413471701135
1486,2025-01-03T00:00:00Z,9859.413471701135
1487,2025-01-05T00:00:00Z,9859.413471701135
1488,2025-01-06T00:00:00Z,9859.413471701135
1489,2025-01-07T00:00:00Z,9859.413471701135
1490,2025-01-08T00:00:00Z,9859.413471701135
1491,2025-01-09T00:00:00Z,9859.413471701135
1492,2025-01-10T00:00:00Z,9859.413471701135
1493,2025-01-12T00:00:00Z,9859.413471701135
1494,2025-01-13T00:00:00Z,9859.413471701135
1495,2025-01-14T00:00:00Z,9859.413471701135
1496,2025-01-15T00:00:00Z,9859.413471701135
1497,2025-01-16T00:00:00Z,9859.413471701135
1498,2025-01-17T00:00:00Z,9859.413471701135
1499,2025-01-19T00:00:00Z,9859.413471701135
1500,2025-01-20T00:00:00Z,9859.413471701135
1501,2025-01-21T00:00:00Z,9859.413471701135
1502,2025-01-22T00:00:00Z,9859.413471701135
1503,2025-01-23T00:00:00Z,9859.413471701135
1504,2025-01-24T00:00:00Z,9859.413471701135
1505,2025-01-26T00:00:00Z,9859.413471701135
1506,2025-01-27T00:00:00Z,9859.413471701135
1507,2025-01-28T00:00:00Z,9859.413471701135
1508,2025-01-29T00:00:00Z,9859.413471701135
1509,2025-01-30T00:00:00Z,9859.413471701135
1510,2025-01-31T00:00:00Z,9859.413471701135
1511,2025-02-02T00:00:00Z,9859.413471701135
1512,2025-02-03T00:00:00Z,9859.413471701135
1513,2025-02-04T00:00:00Z,9859.413471701135
1514,2025-02-05T00:00:00Z,9859.413471701135
1515,2025-02-06T00:00:00Z,9859.413471701135
1516,2025-02-07T00:00:00Z,9859.413471701135
1517,2025-02-09T00:00:00Z,9859.413471701135
1518,2025-02-10T00:00:00Z,9859.413471701135
1519,2025-02-11T00:00:00Z,9859.413471701135
1520,2025-02-12T00:00:00Z,9859.413471701135
1521,2025-02-13T00:00:00Z,9859.413471701135
1522,2025-02-14T00:00:00Z,9859.413471701135
1523,2025-02-16T00:00:00Z,9859.413471701135
1524,2025-02-17T00:00:00Z,9859.413471701135
1525,2025-02-18T00:00:00Z,9859.413471701135
1526,2025-02-19T00:00:00Z,9859.413471701135
1527,2025-02-20T00:00:00Z,9859.413471701135
1528,2025-02-21T00:00:00Z,9859.413471701135
1529,2025-02-23T00:00:00Z,9859.413471701135
1530,2025-02-24T00:00:00Z,9859.413471701135
1531,2025-02-25T00:00:00Z,9859.413471701135
1532,2025-02-26T00:00:00Z,9859.413471701135
1533,2025-02-27T00:00:00Z,9859.413471701135
1534,2025-02-28T00:00:00Z,9859.413471701135
1535,2025-03-02T00:00:00Z,9859.413471701135
1536,2025-03-03T00:00:00Z,9859.413471701135
1537,2025-03-04T00:00:00Z,9859.413471701135
1538,2025-03-05T00:00:00Z,9859.413471701135
1539,2025-03-06T00:00:00Z,9859.413471701135
1540,2025-03-07T00:00:00Z,9859.413471701135
1541,2025-03-09T00:00:00Z,9859.413471701135
1542,2025-03-10T00:00:00Z,9859.413471701135
1543,2025-03-11T00:00:00Z,9859.413471701135
1544,2025-03-12T00:00:00Z,9859.413471701135
1545,2025-03-13T00:00:00Z,9859.413471701135
1546,2025-03-14T00:00:00Z,9859.413471701135
1547,2025-03-16T00:00:00Z,9859.413471701135
1548,2025-03-17T00:00:00Z,9859.413471701135
1549,2025-03-18T00:00:00Z,9859.413471701135
1550,2025-03-19T00:00:00Z,9859.413471701135
1551,2025-03-20T00:00:00Z,9859.413471701135
1552,2025-03-21T00:00:00Z,9859.413471701135
1553,2025-03-23T00:00:00Z,9859.413471701135
1554,2025-03-24T00:00:00Z,9859.413471701135
1555,2025-03-25T00:00:00Z,9859.413471701135
1556,2025-03-26T00:00:00Z,9859.413471701135
1557,2025-03-27T00:00:00Z,9859.413471701135
1558,2025-03-28T00:00:00Z,9859.413471701135
1559,2025-03-30T00:00:00Z,9859.413471701135
1560,2025-03-31T00:00:00Z,9859.413471701135
1561,2025-04-01T00:00:00Z,9859.413471701135
1562,2025-04-02T00:00:00Z,9859.413471701135
1563,2025-04-03T00:00:00Z,9859.413471701135
1564,2025-04-04T00:00:00Z,9859.413471701135
1565,2025-04-06T00:00:00Z,9859.413471701135
1566,2025-04-07T00:00:00Z,9859.413471701135
1567,2025-04-08T00:00:00Z,9859.413471701135
1568,2025-04-09T00:00:00Z,9859.413471701135
1569,2025-04-10T00:00:00Z,9859.413471701135
1570,2025-04-11T00:00:00Z,9859.413471701135
1571,2025-04-13T00:00:00Z,9859.413471701135
1572,2025-04-14T00:00:00Z,9859.413471701135
1573,2025-04-15T00:00:00Z,9859.413471701135
1574,2025-04-16T00:00:00Z,9859.413471701135
1575,2025-04-17T00:00:00Z,9859.413471701135
1576,2025-04-18T00:00:00Z,9859.413471701135
1577,2025-04-20T00:00:00Z,9859.413471701135
1578,2025-04-21T00:00:00Z,9859.413471701135
1579,2025-04-22T00:00:00Z,9859.413471701135
1580,2025-04-23T00:00:00Z,9859.413471701135
1581,2025-04-24T00:00:00Z,9859.413471701135
1582,2025-04-25T00:00:00Z,9859.413471701135
1583,2025-04-27T00:00:00Z,9859.413471701135
1584,2025-04-28T00:00:00Z,9859.413471701135
1585,2025-04-29T00:00:00Z,9859.413471701135
1586,2025-04-30T00:00:00Z,9859.413471701135
1587,2025-05-01T00:00:00Z,9859.413471701135
1588,2025-05-02T00:00:00Z,9859.413471701135
1589,2025-05-04T00:00:00Z,9859.413471701135
1590,2025-05-05T00:00:00Z,9859.413471701135
1591,2025-05-06T00:00:00Z,9859.413471701135
1592,2025-05-07T00:00:00Z,9859.413471701135
1593,2025-05-08T00:00:00Z,9859.413471701135
1594,2025-05-09T00:00:00Z,9859.413471701135
1595,2025-05-11T00:00:00Z,9859.413471701135
1596,2025-05-12T00:00:00Z,9859.413471701135
1597,2025-05-13T00:00:00Z,9859.413471701135
1598,2025-05-14T00:00:00Z,9859.413471701135
1599,2025-05-15T00:00:00Z,9859.413471701135
1600,2025-05-16T00:00:00Z,9859.413471701135
1601,2025-05-18T00:00:00Z,9859.413471701135
1602,2025-05-19T00:00:00Z,9859.413471701135
1603,2025-05-20T00:00:00Z,9859.413471701135
1604,2025-05-21T00:00:00Z,9859.413471701135
1605,2025-05-22T00:00:00Z,9859.413471701135
1606,2025-05-23T00:00:00Z,9859.413471701135
1607,2025-05-25T00:00:00Z,9859.413471701135
1608,2025-05-26T00:00:00Z,9859.413471701135
1609,2025-05-27T00:00:00Z,9859.413471701135
1610,2025-05-28T00:00:00Z,9859.413471701135
1611,2025-05-29T00:00:00Z,9859.413471701135
1612,2025-05-30T00:00:00Z,9859.413471701135
1613,2025-06-01T00:00:00Z,9859.413471701135
1614,2025-06-02T00:00:00Z,9859.413471701135
1615,2025-06-03T00:00:00Z,9859.413471701135
1616,2025-06-04T00:00:00Z,9859.413471701135
1617,2025-06-05T00:00:00Z,9859.413471701135
1618,2025-06-06T00:00:00Z,9859.413471701135
1619,2025-06-08T00:00:00Z,9859.413471701135
1620,2025-06-09T00:00:00Z,9859.413471701135
1621,2025-06-10T00:00:00Z,9859.413471701135
1622,2025-06-11T00:00:00Z,9859.413471701135
1623,2025-06-12T00:00:00Z,9859.413471701135
1624,2025-06-13T00:00:00Z,9859.413471701135
1625,2025-06-15T00:00:00Z,9859.413471701135
1626,2025-06-16T00:00:00Z,9859.413471701135
1627,2025-06-17T00:00:00Z,9859.413471701135
1628,2025-06-18T00:00:00Z,9859.413471701135
1629,2025-06-19T00:00:00Z,9859.413471701135
1630,2025-06-20T00:00:00Z,9859.413471701135
1631,2025-06-22T00:00:00Z,9859.413471701135
1632,2025-06-23T00:00:00Z,9859.413471701135
1633,2025-06-24T00:00:00Z,9859.413471701135
1634,2025-06-25T00:00:00Z,9859.413471701135
1635,2025-06-26T00:00:00Z,9859.413471701135
1636,2025-06-27T00:00:00Z,9859.413471701135
1637,2025-06-29T00:00:00Z,9859.413471701135
1638,2025-06-30T00:00:00Z,9859.413471701135
1639,2025-07-01T00:00:00Z,9859.413471701135
1640,2025-07-02T00:00:00Z,9859.413471701135
1641,2025-07-03T00:00:00Z,9859.413471701135
1642,2025-07-04T00:00:00Z,9859.413471701135
1643,2025-07-06T00:00:00Z,9859.413471701135
1644,2025-07-07T00:00:00Z,9859.413471701135
1645,2025-07-08T00:00:00Z,9859.413471701135
1646,2025-07-09T00:00:00Z,9859.413471701135
1647,2025-07-10T00:00:00Z,9859.413471701135
1648,2025-07-11T00:00:00Z,9859.413471701135
1649,2025-07-13T00:00:00Z,9859.413471701135
1650,2025-07-14T00:00:00Z,9859.413471701135
1651,2025-07-15T00:00:00Z,9859.413471701135
1652,2025-07-16T00:00:00Z,9859.413471701135
1653,2025-07-17T00:00:00Z,9859.413471701135
1654,2025-07-18T00:00:00Z,9859.413471701135
1655,2025-07-20T00:00:00Z,9859.413471701135
1656,2025-07-21T00:00:00Z,9859.413471701135
1657,2025-07-22T00:00:00Z,9859.413471701135
1658,2025-07-23T00:00:00Z,9859.413471701135
1659,2025-07-24T00:00:00Z,9859.413471701135
1660,2025-07-25T00:00:00Z,9859.413471701135
1661,2025-07-27T00:00:00Z,9859.413471701135
1662,2025-07-28T00:00:00Z,9859.413471701135
1663,2025-07-29T00:00:00Z,9859.413471701135
1664,2025-07-30T00:00:00Z,9859.413471701135
1665,2025-07-31T00:00:00Z,9859.413471701135
1666,2025-08-01T00:00:00Z,9859.413471701135
1667,2025-08-03T00:00:00Z,9859.413471701135
1668,2025-08-04T00:00:00Z,9859.413471701135
1669,2025-08-05T00:00:00Z,9859.413471701135
1670,2025-08-06T00:00:00Z,9859.413471701135
1671,2025-08-07T00:00:00Z,9859.413471701135
1672,2025-08-08T00:00:00Z,9859.413471701135
1673,2025-08-10T00:00:00Z,9859.413471701135
1674,2025-08-11T00:00:00Z,9859.413471701135
1675,2025-08-12T00:00:00Z,9859.413471701135
1676,2025-08-13T00:00:00Z,9859.413471701135
1677,2025-08-14T00:00:00Z,9859.413471701135
1678,2025-08-15T00:00:00Z,9859.413471701135
1679,2025-08-17T00:00:00Z,9859.413471701135
1680,2025-08-18T00:00:00Z,9859.413471701135
1681,2025-08-19T00:00:00Z,9859.413471701135
1682,2025-08-20T00:00:00Z,9859.413471701135
1683,2025-08-21T00:00:00Z,9859.413471701135
1684,2025-08-22T00:00:00Z,9859.413471701135
1685,2025-08-24T00:00:00Z,9859.413471701135
1686,2025-08-25T00:00:00Z,9859.413471701135
1687,2025-08-26T00:00:00Z,9859.413471701135
1688,2025-08-27T00:00:00Z,9859.413471701135
1689,2025-08-28T00:00:00Z,9859.413471701135
1690,2025-08-29T00:00:00Z,9859.413471701135
1691,2025-08-31T00:00:00Z,9859.413471701135
1692,2025-09-01T00:00:00Z,9859.413471701135
1693,2025-09-02T00:00:00Z,9859.413471701135
1694,2025-09-03T00:00:00Z,9859.413471701135
1695,2025-09-04T00:00:00Z,9859.413471701135
1696,2025-09-05T00:00:00Z,9859.413471701135
1697,2025-09-07T00:00:00Z,9859.413471701135
1698,2025-09-08T00:00:00Z,9859.413471701135
1699,2025-09-09T00:00:00Z,9859.413471701135
1700,2025-09-10T00:00:00Z,9859.413471701135
1701,2025-09-11T00:00:00Z,9859.413471701135
1702,2025-09-12T00:00:00Z,9859.413471701135
1703,2025-09-14T00:00:00Z,9859.413471701135
1704,2025-09-15T00:00:00Z,9859.413471701135
1705,2025-09-16T00:00:00Z,9859.413471701135
1706,2025-09-17T00:00:00Z,9859.413471701135
1707,2025-09-18T00:00:00Z,9859.413471701135
1708,2025-09-19T00:00:00Z,9859.413471701135
1709,2025-09-21T00:00:00Z,9859.413471701135
1710,2025-09-22T00:00:00Z,9859.413471701135
1711,2025-09-23T00:00:00Z,9859.413471701135
1712,2025-09-24T00:00:00Z,9859.413471701135
1713,2025-09-25T00:00:00Z,9859.413471701135
1714,2025-09-26T00:00:00Z,9859.413471701135
1715,2025-09-28T00:00:00Z,9859.413471701135
1716,2025-09-29T00:00:00Z,9859.413471701135
1717,2025-09-30T00:00:00Z,9859.413471701135
1718,2025-10-01T00:00:00Z,9859.413471701135
1719,2025-10-02T00:00:00Z,9859.413471701135
1720,2025-10-03T00:00:00Z,9859.413471701135
1721,2025-10-05T00:00:00Z,9859.413471701135
1722,2025-10-06T00:00:00Z,9859.413471701135
1723,2025-10-07T00:00:00Z,9859.413471701135
1724,2025-10-08T00:00:00Z,9859.413471701135
1725,2025-10-09T00:00:00Z,9859.413471701135
1726,2025-10-10T00:00:00Z,9859.413471701135
1727,2025-10-12T00:00:00Z,9859.413471701135
1728,2025-10-13T00:00:00Z,9859.413471701135
1729,2025-10-14T00:00:00Z,9859.413471701135
1730,2025-10-15T00:00:00Z,9859.413471701135
1731,2025-10-16T00:00:00Z,9859.413471701135
1732,2025-10-17T00:00:00Z,9859.413471701135
1733,2025-10-19T00:00:00Z,9859.413471701135
1734,2025-10-20T00:00:00Z,9859.413471701135
1735,2025-10-21T00:00:00Z,9859.413471701135
1736,2025-10-22T00:00:00Z,9859.413471701135
1737,2025-10-23T00:00:00Z,9859.413471701135
1738,2025-10-24T00:00:00Z,9859.413471701135
1739,2025-10-26T00:00:00Z,9859.413471701135
1740,2025-10-27T00:00:00Z,9859.413471701135
1741,2025-10-28T00:00:00Z,9859.413471701135
1742,2025-10-29T00:00:00Z,9859.413471701135
1743,2025-10-30T00:00:00Z,9859.413471701135
1744,2025-10-31T00:00:00Z,9859.413471701135
1745,2025-11-02T00:00:00Z,9859.413471701135
1746,2025-11-03T00:00:00Z,9859.413471701135
1747,2025-11-04T00:00:00Z,9859.413471701135
1748,2025-11-05T00:00:00Z,9859.413471701135
1749,2025-11-06T00:00:00Z,9859.413471701135
1750,2025-11-07T00:00:00Z,9859.413471701135
1751,2025-11-09T00:00:00Z,9859.413471701135
1752,2025-11-10T00:00:00Z,9859.413471701135
1753,2025-11-11T00:00:00Z,9859.413471701135
1754,2025-11-12T00:00:00Z,9859.413471701135
1755,2025-11-13T00:00:00Z,9859.413471701135
1756,2025-11-14T00:00:00Z,9859.413471701135
1757,2025-11-16T00:00:00Z,9859.413471701135
1758,2025-11-17T00:00:00Z,9859.413471701135
1759,2025-11-18T00:00:00Z,9859.413471701135
1760,2025-11-19T00:00:00Z,9859.413471701135
1761,2025-11-20T00:00:00Z,9859.413471701135
1762,2025-11-21T00:00:00Z,9859.413471701135
1763,2025-11-23T00:00:00Z,9859.413471701135
1764,2025-11-24T00:00:00Z,9859.413471701135
1765,2025-11-25T00:00:00Z,9859.413471701135
1766,2025-11-26T00:00:00Z,9859.413471701135
1767,2025-11-27T00:00:00Z,9859.413471701135
1768,2025-11-28T00:00:00Z,9859.413471701135
1769,2025-11-30T00:00:00Z,9859.413471701135
1770,2025-12-01T00:00:00Z,9859.413471701135
1771,2025-12-02T00:00:00Z,9859.413471701135
1772,2025-12-03T00:00:00Z,9859.413471701135
1773,2025-12-04T00:00:00Z,9859.413471701135
1774,2025-12-05T00:00:00Z,9859.413471701135
1775,2025-12-07T00:00:00Z,9859.413471701135
1776,2025-12-08T00:00:00Z,9859.413471701135
1777,2025-12-09T00:00:00Z,9859.413471701135
1778,2025-12-10T00:00:00Z,9859.413471701135
1779,2025-12-11T00:00:00Z,9859.413471701135
1780,2025-12-12T00:00:00Z,9859.413471701135
1781,2025-12-14T00:00:00Z,9859.413471701135
1782,2025-12-15T00:00:00Z,9859.413471701135
1783,2025-12-16T00:00:00Z,9859.413471701135
1784,2025-12-17T00:00:00Z,9859.413471701135
1785,2025-12-18T00:00:00Z,9859.413471701135
1786,2025-12-19T00:00:00Z,9859.413471701135
1787,2025-12-21T00:00:00Z,9859.413471701135
1788,2025-12-22T00:00:00Z,9859.413471701135
1789,2025-12-23T00:00:00Z,9859.413471701135
1790,2025-12-24T00:00:00Z,9859.413471701135
1791,2025-12-25T00:00:00Z,9859.413471701135
1792,2025-12-26T00:00:00Z,9859.413471701135
1793,2025-12-28T00:00:00Z,9859.413471701135
1794,2025-12-29T00:00:00Z,9859.413471701135
1795,2025-12-30T00:00:00Z,9859.413471701135
1796,2025-12-31T00:00:00Z,9859.413471701135
1797,2026-01-01T00:00:00Z,9859.413471701135
1798,2026-01-02T00:00:00Z,9859.413471701135
1799,2026-01-04T00:00:00Z,9859.413471701135
1800,2026-01-05T00:00:00Z,9859.413471701135
1801,2026-01-06T00:00:00Z,9859.413471701135
1802,2026-01-07T00:00:00Z,9859.413471701135
1803,2026-01-08T00:00:00Z,9859.413471701135
1804,2026-01-09T00:00:00Z,9859.413471701135
1805,2026-01-11T00:00:00Z,9859.413471701135
1806,2026-01-12T00:00:00Z,9859.413471701135
1807,2026-01-13T00:00:00Z,9859.413471701135
1808,2026-01-14T00:00:00Z,9859.413471701135
1809,2026-01-15T00:00:00Z,9859.413471701135
1810,2026-01-16T00:00:00Z,9859.413471701135
1811,2026-01-18T00:00:00Z,9859.413471701135
1812,2026-01-19T00:00:00Z,9859.413471701135
1813,2026-01-20T00:00:00Z,9859.413471701135
1814,2026-01-21T00:00:00Z,9859.413471701135
1815,2026-01-22T00:00:00Z,9859.413471701135
1816,2026-01-23T00:00:00Z,9859.413471701135
1817,2026-01-25T00:00:00Z,9859.413471701135
1818,2026-01-26T00:00:00Z,9859.413471701135
1819,2026-01-27T00:00:00Z,9859.413471701135
1820,2026-01-28T00:00:00Z,9859.413471701135
1821,2026-01-29T00:00:00Z,9859.413471701135
1822,2026-01-30T00:00:00Z,9859.413471701135
1823,2026-02-01T00:00:00Z,9859.413471701135
1824,2026-02-02T00:00:00Z,9859.413471701135
1825,2026-02-03T00:00:00Z,9859.413471701135
1826,2026-02-04T00:00:00Z,9859.413471701135
1827,2026-02-05T00:00:00Z,9859.413471701135
1828,2026-02-06T00:00:00Z,9859.413471701135
1829,2026-02-08T00:00:00Z,9859.413471701135
1830,2026-02-09T00:00:00Z,9859.413471701135
1831,2026-02-10T00:00:00Z,9859.413471701135
1832,2026-02-11T00:00:00Z,9859.413471701135
1833,2026-02-12T00:00:00Z,9859.413471701135
1834,2026-02-13T00:00:00Z,9859.413471701135
1835,2026-02-15T00:00:00Z,9859.413471701135
1836,2026-02-16T00:00:00Z,9859.413471701135
1837,2026-02-17T00:00:00Z,9859.413471701135
1838,2026-02-18T00:00:00Z,9859.413471701135
1839,2026-02-19T00:00:00Z,9859.413471701135
1840,2026-02-20T00:00:00Z,9859.413471701135
1841,2026-02-22T00:00:00Z,9859.413471701135
1842,2026-02-23T00:00:00Z,9859.413471701135
1843,2026-02-24T00:00:00Z,9859.413471701135
1844,2026-02-25T00:00:00Z,9859.413471701135
1845,2026-02-26T00:00:00Z,9859.413471701135
1846,2026-02-27T00:00:00Z,9859.413471701135
1847,2026-03-01T00:00:00Z,9859.413471701135
1848,2026-03-02T00:00:00Z,9859.413471701135
1849,2026-03-03T00:00:00Z,9859.413471701135
1850,2026-03-04T00:00:00Z,9859.413471701135
1851,2026-03-05T00:00:00Z,9859.413471701135
1852,2026-03-06T00:00:00Z,9859.413471701135
1853,2026-03-08T00:00:00Z,9859.413471701135
1854,2026-03-09T00:00:00Z,9859.413471701135
1855,2026-03-10T00:00:00Z,9859.413471701135
1856,2026-03-11T00:00:00Z,9859.413471701135
1857,2026-03-12T00:00:00Z,9859.413471701135
1858,2026-03-13T00:00:00Z,9859.413471701135
1859,2026-03-15T00:00:00Z,9859.413471701135
1860,2026-03-16T00:00:00Z,9859.413471701135
1861,2026-03-17T00:00:00Z,9859.413471701135
1862,2026-03-18T00:00:00Z,9859.413471701135
1863,2026-03-19T00:00:00Z,9859.413471701135
1864,2026-03-20T00:00:00Z,9859.413471701135
1865,2026-03-22T00:00:00Z,9859.413471701135
1866,2026-03-23T00:00:00Z,9859.413471701135
1867,2026-03-24T00:00:00Z,9859.413471701135
1868,2026-03-25T00:00:00Z,9859.413471701135
1869,2026-03-26T00:00:00Z,9859.413471701135
1870,2026-03-27T00:00:00Z,9859.413471701135
1871,2026-03-29T00:00:00Z,9859.413471701135
1872,2026-03-30T00:00:00Z,9859.413471701135
1873,2026-03-31T00:00:00Z,9859.413471701135
1874,2026-04-01T00:00:00Z,9859.413471701135
1875,2026-04-02T00:00:00Z,9859.413471701135
1876,2026-04-03T00:00:00Z,9859.413471701135
1877,2026-04-05T00:00:00Z,9859.413471701135
1878,2026-04-06T00:00:00Z,9859.413471701135
1879,2026-04-07T00:00:00Z,9859.413471701135
1880,2026-04-08T00:00:00Z,9859.413471701135
1881,2026-04-09T00:00:00Z,9859.413471701135
1882,2026-04-10T00:00:00Z,9859.413471701135
1883,2026-04-12T00:00:00Z,9859.413471701135
1884,2026-04-13T00:00:00Z,9859.413471701135
1885,2026-04-14T00:00:00Z,9859.413471701135
1886,2026-04-15T00:00:00Z,9859.413471701135
1887,2026-04-16T00:00:00Z,9859.413471701135
1888,2026-04-17T00:00:00Z,9859.413471701135
1889,2026-04-19T00:00:00Z,9859.413471701135
1890,2026-04-20T00:00:00Z,9859.413471701135
1891,2026-04-21T00:00:00Z,9859.413471701135
1892,2026-04-22T00:00:00Z,9859.413471701135
1893,2026-04-23T00:00:00Z,9859.413471701135
1894,2026-04-24T00:00:00Z,9859.413471701135
1895,2026-04-26T00:00:00Z,9859.413471701135
1896,2026-04-27T00:00:00Z,9859.413471701135
1897,2026-04-28T00:00:00Z,9859.413471701135
1898,2026-04-29T00:00:00Z,9859.413471701135
1899,2026-04-30T00:00:00Z,9859.413471701135
1900,2026-05-01T00:00:00Z,9859.413471701135
1901,2026-05-03T00:00:00Z,9859.413471701135
1902,2026-05-04T00:00:00Z,9859.413471701135
1903,2026-05-05T00:00:00Z,9859.413471701135
1904,2026-05-06T00:00:00Z,9859.413471701135
1905,2026-05-07T00:00:00Z,9859.413471701135
1906,2026-05-08T00:00:00Z,9859.413471701135
1907,2026-05-10T00:00:00Z,9859.413471701135
1908,2026-05-11T00:00:00Z,9859.413471701135
1909,2026-05-12T00:00:00Z,9859.413471701135
1910,2026-05-13T00:00:00Z,9859.413471701135
1911,2026-05-14T00:00:00Z,9859.413471701135
1912,2026-05-15T00:00:00Z,9859.413471701135
1913,2026-05-17T00:00:00Z,9859.413471701135
1914,2026-05-18T00:00:00Z,9859.413471701135
1915,2026-05-19T00:00:00Z,9859.413471701135
1916,2026-05-20T00:00:00Z,9859.413471701135
1917,2026-05-21T00:00:00Z,9859.413471701135
1918,2026-05-22T00:00:00Z,9859.413471701135
1919,2026-05-24T00:00:00Z,9859.413471701135
1920,2026-05-25T00:00:00Z,9859.413471701135
1921,2026-05-26T00:00:00Z,9859.413471701135
1922,2026-05-27T00:00:00Z,9859.413471701135
1923,2026-05-28T00:00:00Z,9859.413471701135
1924,2026-05-29T00:00:00Z,9859.413471701135
1925,2026-05-31T00:00:00Z,9859.413471701135
1926,2026-06-01T00:00:00Z,9859.413471701135
1927,2026-06-02T00:00:00Z,9859.413471701135
1928,2026-06-03T00:00:00Z,9859.413471701135
1929,2026-06-04T00:00:00Z,9859.413471701135
1930,2026-06-05T00:00:00Z,9859.413471701135
1931,2026-06-07T00:00:00Z,9859.413471701135
1932,2026-06-08T00:00:00Z,9859.413471701135
1933,2026-06-09T00:00:00Z,9859.413471701135
1934,2026-06-10T00:00:00Z,9859.413471701135
1935,2026-06-11T00:00:00Z,9859.413471701135
1936,2026-06-12T00:00:00Z,9859.413471701135
1937,2026-06-14T00:00:00Z,9859.413471701135
1938,2026-06-15T00:00:00Z,9859.413471701135
1939,2026-06-16T00:00:00Z,9859.413471701135
1940,2026-06-17T00:00:00Z,9859.413471701135
1941,2026-06-18T00:00:00Z,9859.413471701135
1942,2026-06-19T00:00:00Z,9859.413471701135
1943,2026-06-21T00:00:00Z,9859.413471701135
1944,2026-06-22T00:00:00Z,9859.413471701135
1945,2026-06-23T00:00:00Z,9859.413471701135
1946,2026-06-24T00:00:00Z,9859.413471701135
1947,2026-06-25T00:00:00Z,9859.413471701135
1948,2026-06-26T00:00:00Z,9859.413471701135
1949,2026-06-28T00:00:00Z,9859.413471701135
1950,2026-06-29T00:00:00Z,9859.413471701135
1951,2026-06-30T00:00:00Z,9859.413471701135
1952,2026-07-01T00:00:00Z,9859.413471701135
1953,2026-07-02T00:00:00Z,9859.413471701135
1954,2026-07-03T00:00:00Z,9859.413471701135
1955,2026-07-05T00:00:00Z,9859.413471701135
1956,2026-07-06T00:00:00Z,9859.413471701135
1957,2026-07-07T00:00:00Z,9859.413471701135
1958,2026-07-08T00:00:00Z,9859.413471701135
1959,2026-07-09T00:00:00Z,9859.413471701135
1960,2026-07-10T00:00:00Z,9859.413471701135
1961,2026-07-12T00:00:00Z,9859.413471701135
1962,2026-07-13T00:00:00Z,9859.413471701135
1963,2026-07-14T00:00:00Z,9859.413471701135
1964,2026-07-15T00:00:00Z,9859.413471701135
1965,2026-07-16T00:00:00Z,9859.413471701135
1966,2026-07-17T00:00:00Z,9859.413471701135
1967,2026-07-19T00:00:00Z,9859.413471701135
1968,2026-07-20T00:00:00Z,9859.413471701135
1969,2026-07-21T00:00:00Z,9859.413471701135
1970,2026-07-22T00:00:00Z,9859.413471701135
1971,2026-07-23T00:00:00Z,9859.413471701135
1972,2026-07-24T00:00:00Z,9859.413471701135
1973,2026-07-26T00:00:00Z,9859.413471701135
1974,2026-07-27T00:00:00Z,9859.413471701135
1975,2026-07-28T00:00:00Z,9859.413471701135
1976,2026-07-29T00:00:00Z,9859.413471701135
1977,2026-07-30T00:00:00Z,9859.413471701135
1978,2026-07-31T00:00:00Z,9859.413471701135
1979,2026-08-02T00:00:00Z,9859.413471701135
1980,2026-08-03T00:00:00Z,9859.413471701135
1981,2026-08-04T00:00:00Z,9859.413471701135
1982,2026-08-05T00:00:00Z,9859.413471701135
1983,2026-08-06T00:00:00Z,9859.413471701135
1984,2026-08-07T00:00:00Z,9859.413471701135
1985,2026-08-09T00:00:00Z,9859.413471701135
1986,2026-08-10T00:00:00Z,9859.413471701135
1987,2026-08-11T00:00:00Z,9859.413471701135
1988,2026-08-12T00:00:00Z,9859.413471701135
1989,2026-08-13T00:00:00Z,9859.413471701135
1990,2026-08-14T00:00:00Z,9859.413471701135
1991,2026-08-16T00:00:00Z,9859.413471701135
1992,2026-08-17T00:00:00Z,9859.413471701135
1993,2026-08-18T00:00:00Z,9859.413471701135
1994,2026-08-19T00:00:00Z,9859.413471701135
1995,2026-08-20T00:00:00Z,9859.413471701135
1996,2026-08-21T00:00:00Z,9859.413471701135
1997,2026-08-23T00:00:00Z,9859.413471701135
1998,2026-08-24T00:00:00Z,9859.413471701135
1999,2026-08-25T00:00:00Z,9859.413471701135
